ABY0111,ABY0111
ADD0111,ADD0111
ADD0661,ADD0661
ALB0331,ALB0331
ALB1101,ALB1101
APS0111,APS0111
ARG1101,ARG1101
ASB0331,ASB0331
ASB0661,ASB0661
ASY0111,ASY0111
ATU1101,ATU1101
BAL0331,BAL0331
BDE0111,BDE0111
BLN0331,BLN0331
BOB0331,BOB0331
BOB1101,BOB1101
BPD1101,BPD1101
BPE0331,BPE0331
BPE0551,BPE0551
BPT1101,BPT1101
BRB0331,BRB0331
BRK0331,BRK0331
BRY0111,BRY0111
BRY0661,BRY0661
BWK1101,BWK1101
CBG0111,CBG0111
CLH0111,CLH0111
CML0331,CML0331
COL0111,COL0111
COL0661,COL0661
CPK0111,CPK0111
CPK0331,CPK0331
CST0331,CST0331
CUL0331,CUL0331
CUL0661,CUL0661
CYD0331,CYD0331
CYD2201,CYD2201
DOB0331,DOB0331
DVK0111,DVK0111
EDG0331,EDG0331
EDN0331,EDN0331
FHL0331,FHL0331
FKN0331,FKN0331
GFD0331,GFD0331
GIS0501,GIS0501
GLN0331,GLN0331
GLN0332,GLN0332
GOR0331,GOR0331
GYM0661,GYM0661
GYT0331,GYT0331
HAM0111,HAM0111
HAM0331,HAM0331
HAM0551,HAM0551
HAY0111,HAY0111
HAY0331,HAY0331
HEN0331,HEN0331
HEP0331,HEP0331
HIN0331,HIN0331
HKK0661,HKK0661
HLY0331,HLY0331
HOR0331,HOR0331
HOR0661,HOR0661
HTI0331,HTI0331
HUI0331,HUI0331
HWA0331,HWA0331
HWA0332,HWA0332
HWA1102,HWA1102
HWB0331,HWB0331
HWB0332,HWB0332
INV0331,INV0331
ISL0331,ISL0331
ISL0661,ISL0661
KAI0111,KAI0111
KAW0111,KAW0111
KAW0112,KAW0112
KAW0113,KAW0113
KAW1101,KAW1101
KBY0661,KBY0661
KEN0331,KEN0331
KIK0111,KIK0111
KIN0111,KIN0111
KIN0113,KIN0113
KIN0331,KIN0331
KMO0331,KMO0331
KOE1101,KOE1101
KOE1101.1,KOE1101
KPA1101,KPA1101
KPU0661,KPU0661
KWA0111,KWA0111
LFD1101,LFD1101
LTN0331,LTN0331
MAN2201,MAN2201
MAT1101,MAT1101
MCH0111,MCH0111
MER0331,MER0331
MGM0331,MGM0331
MHO0331,MHO0331
MKE1101,MKE1101
MLG0111,MLG0111
MLG0331,MLG0331
MLN0661,MLN0661
MLN0664,MLN0664
MNG0331,MNG0331
MNG1101,MNG1101
MNI0111,MNI0111
MOT0111,MOT0111
MPE1101,MPE1101
MPE1101.1,MPE1101
MPI0661,MPI0661
MST0331,MST0331
MTM0331,MTM0331
MTN0331,MTN0331
MTO0331,MTO0331
MTR0331,MTR0331
NAP2202,NAP2202
NMA0331,NMA0331
NPK0331,NPK0331
NPL0331,NPL0331
NSY0331,NSY0331
OAM0331,OAM0331
OKN0111,OKN0111
ONG0331,ONG0331
OPK0331,OPK0331
ORO1101,ORO1101
ORO1102,ORO1102
OTA0221,OTA0221
OTA1101,OTA1101
OTA1102,OTA1102
OTI0111,OTI0111
OWH0111,OWH0111
PAK0331,PAK0331
PAL0331,PAL0331
PAO1101,PAO1101
PEN0251,PEN0251
PEN0331,PEN0331
PEN1101,PEN1101
PEN1101.1,PEN1101
PEN1101.2,PEN1101
PNI0331,PNI0331
PPI2201,PPI2201
PRM0331,PRM0331
RDF0331,RDF0331
RFN1101,RFN1101
RFN1102,RFN1102
ROS0221,ROS0221
ROS1101,ROS1101
ROT0111,ROT0111
ROT0331,ROT0331
ROT1101,ROT1101
SBK0331,SBK0331
SDN0331,SDN0331
SFD0331,SFD0331
SFD2201,SFD2201
SPN0331,SPN0331
SPN0661,SPN0661
STK0331,STK0331
STU0111,STU0111
SVL0331,SVL0331
SWN0251,SWN0251
SWN2201,SWN2201
TAK0331,TAK0331
TGA0111,TGA0111
TGA0331,TGA0331
THI2201,THI2201
TIM0111,TIM0111
TKA0331,TKA0331
TKH0111,TKH0111
TKR0331,TKR0331
TKU0331,TKU0331
TMI0331,TMI0331
TMK0331,TMK0331
TMN0551,TMN0551
TMU0111,TMU0111
TNG0111,TNG0111
TNG0551,TNG0551
TRK0111,TRK0111
TUI0111,TUI0111
TWC2201,TWC2201
TWH0331,TWH0331
TWH0331.1,TWH0331
TWI2201,TWI2201
TWZ0331,TWZ0331
UHT0331,UHT0331
WAI0111,WAI0111
WDV0111,WDV0111
WDV1101,WDV1101
WEL0331,WEL0331
WGN0331,WGN0331
WHI0111,WHI0111
WHI2201,WHI2201
WHU0331,WHU0331
WIL0331,WIL0331
WIR0331,WIR0331
WKM2201,WKM2201
WKO0331,WKO0331
WPR0331,WPR0331
WPR0661,WPR0661
WPT0111,WPT0111
WPW0331,WPW0331
WRA0111,WRA0111
WRK0331,WRK0331
WTK0331,WTK0331
WTU0331,WTU0331
WVY0111,WVY0111
WWD1102,WWD1102
WWD1103,WWD1103
KIN0112 KIN0,KIN0112
KUM0661 KUM0,KUM0661
NAP2201 NAP0,NAP2201
PEN0222,PEN0221
