,TOPE,VECT,NZRN,MRPL,NPOW,CTCT,COUP,WAIK,WAIP,LINE,POCO,NAPJ,TRUS,TUAR,HAWK,HEDL,SKOG,KRGL,EAST,PANP,MERI,KAPE,METH,TODD,SCAN,ELEC,WNST,CKHK,MARL,TASM,BUEL,WPOW,MPOW,ORON,ALPE,EASH,DUNE,OTPO,WATA,RAYN,NZAS,NZST,KUPE,HHI,RAB_C,RAB_IC,ic
KOE,20.062228190170156,0.0,0.0,0.0,0.0,0.0,0.0,0.0,0.0,0.0,0.0,0.0,0.0,0.0,0.0,0.0,0.0,0.0,0.0,0.0,0.0,0.0,0.0,0.0,0.0,0.0,0.0,0.0,0.0,0.0,0.0,0.0,0.0,0.0,0.0,0.0,0.0,0.0,0.0,0.0,0.0,0.0,0.0,10000.0,0.0,0.0,Connection
MDN,35.66899300792768,0.0,0.0,0.0,119.86485862802436,0.0,0.0,0.0,0.0,0.0,0.0,0.0,0.0,0.0,0.0,0.0,0.0,0.0,0.0,0.0,0.0,0.0,0.0,0.0,0.0,0.0,0.0,0.0,0.0,0.0,0.0,0.0,0.0,0.0,0.0,0.0,0.0,0.0,0.0,0.0,0.0,0.0,0.0,6465.21610282494,0.0,12.76680512,Interconnection
HPI,17.87014401072473,0.0,0.0,0.0,101.7938761113686,0.0,0.0,0.0,0.0,0.0,0.0,0.0,0.0,0.0,0.0,0.0,0.0,0.0,0.0,0.0,0.0,0.0,0.0,0.0,0.0,0.0,0.0,0.0,0.0,0.0,0.0,0.0,0.0,0.0,0.0,0.0,0.0,0.0,0.0,0.0,0.0,0.0,0.0,7459.3050638663135,0.0,5.551345320000001,Interconnection
HEN,20.13835653662064,412.3872076344307,0.0,0.0,123.52899266611637,0.0,0.0,0.0,0.0,0.0,0.0,0.0,0.0,0.0,0.0,0.0,0.0,0.0,0.0,0.0,0.0,0.0,0.0,0.0,0.0,0.0,0.0,0.0,0.0,0.0,0.0,0.0,0.0,0.0,0.0,0.0,0.0,0.0,0.0,0.0,0.0,0.0,0.0,6006.797367703709,0.0,6.602775750000001,Interconnection
SVL,0.0,73.1575941033394,0.0,0.0,0.0,0.0,0.0,0.0,0.0,0.0,0.0,0.0,0.0,0.0,0.0,0.0,0.0,0.0,0.0,0.0,0.0,0.0,0.0,0.0,0.0,0.0,0.0,0.0,0.0,0.0,0.0,0.0,0.0,0.0,0.0,0.0,0.0,0.0,0.0,0.0,0.0,0.0,0.0,10000.0,0.0,0.0,Connection
ALB,3.3882567679697004,292.48830124997795,0.0,0.0,20.19900338680986,0.0,0.0,0.0,0.0,0.0,0.0,0.0,0.0,0.0,0.0,0.0,0.0,0.0,0.0,0.0,0.0,0.0,0.0,0.0,0.0,0.0,0.0,0.0,0.0,0.0,0.0,0.0,0.0,0.0,0.0,0.0,0.0,0.0,0.0,0.0,0.0,0.0,0.0,8605.170210277405,0.0,11.57819237,Interconnection
SWN,10.135495964004683,126.88055377936098,0.009223381123058542,0.7907639814226272,59.59827732981532,0.000932058798429766,0.015629361025772316,0.00064290855948114,6.0871095750128e-05,0.0017794135091312511,0.0012480410479604027,0.0,0.0,0.0,0.00014758064516129035,0.0,0.0,0.0,0.0,0.0,0.0,0.0,0.0,0.0,8.521505376344087e-05,0.00017616487455197134,0.0,4.919354838709677e-05,0.0,0.0,0.0,0.0,0.0,0.0,0.0,0.0,0.0,0.0,0.0,0.0,0.0,0.00031568100358422943,0.0,5067.627951456859,0.0,0.0,Connection
BRB,2.3379660359467604,0.0,0.0,0.0,90.55457883614805,0.0,0.0,0.0,0.0,0.0,0.0,0.0,0.0,0.0,0.0,0.0,0.0,0.0,0.0,0.0,0.0,0.0,0.0,0.0,0.0,0.0,0.0,0.0,0.0,0.0,0.0,0.0,0.0,0.0,0.0,0.0,0.0,0.0,0.0,0.0,0.0,0.0,0.0,9509.299063687524,0.0,0.0,Connection
MPE,0.0,0.0,0.0,0.0,31.991427239665175,0.0,0.0,0.0,0.0,0.0,0.0,0.0,0.0,0.0,0.0,0.0,0.0,0.0,0.0,0.0,0.0,0.0,0.0,0.0,0.0,0.0,0.0,0.0,0.0,0.0,0.0,0.0,0.0,0.0,0.0,0.0,0.0,0.0,0.0,0.0,0.0,0.0,0.0,10000.0,0.0,1.6753808799999996,Interconnection
HEP,0.0,163.03163393474378,0.0,0.0,0.0,0.0,0.0,0.0,0.0,0.0,0.0,0.0,0.0,0.0,0.0,0.0,0.0,0.0,0.0,0.0,0.0,0.0,0.0,0.0,0.0,0.0,0.0,0.0,0.0,0.0,0.0,0.0,0.0,0.0,0.0,0.0,0.0,0.0,0.0,0.0,0.0,0.0,0.0,10000.0,0.0,4.71050967,Interconnection
KEN,0.0,0.0,0.0,0.0,71.40869119015986,0.0,0.0,0.0,0.0,0.0,0.0,0.0,0.0,0.0,0.0,0.0,0.0,0.0,0.0,0.0,0.0,0.0,0.0,0.0,0.0,0.0,0.0,0.0,0.0,0.0,0.0,0.0,0.0,0.0,0.0,0.0,0.0,0.0,0.0,0.0,0.0,0.0,0.0,10000.0,0.0,0.0,Connection
MTO,2.5702990164703867,0.0,0.0,0.0,29.92373755901619,0.0,0.0,0.0,0.0,0.0,0.0,0.0,0.0,0.0,0.0,0.0,0.0,0.0,0.0,0.0,0.0,0.0,0.0,0.0,0.0,0.0,0.0,0.0,0.0,0.0,0.0,0.0,0.0,0.0,0.0,0.0,0.0,0.0,0.0,0.0,0.0,0.0,0.0,8543.125462705317,0.0,0.8275622899999999,Interconnection
WEL,2.5923680922880217,34.97745355537605,0.0,0.0,19.53708137721366,0.0,0.0,0.0,0.0,0.0,0.0,0.0,0.0,0.0,0.0,0.0,0.0,0.0,0.0,0.0,0.0,0.0,0.0,0.0,0.0,0.0,0.0,0.0,0.0,0.0,0.0,0.0,0.0,0.0,0.0,0.0,0.0,0.0,0.0,0.0,0.0,0.0,0.0,4942.478174842415,0.0,0.7417537900000001,Interconnection
PEN,2.788282824228567,937.518670672021,1.792114695340503e-06,0.0,16.655108770687303,0.0,0.0,0.0,0.0,0.0,0.0,0.0,0.0,0.0,0.0,0.0,0.0,0.0,0.0,0.0,0.0,0.0,0.0,0.0,0.0,0.0,0.0,0.0,0.0,0.0,0.0,0.0,0.0,0.0,0.0,0.0,0.0,0.0,0.0,0.0,0.0,0.0,0.0,9600.885463551744,0.0,28.605354329999994,Interconnection
OTA,21.259508835000386,1297.4915770033722,0.005894623655913978,1.0899211771236117,128.21385518386094,6.395866869162385,42.023721299077174,2.913286292573759,0.0027940837335428547,0.23887671638387156,0.102470514129456,0.0,0.0,0.0,0.010778510440760164,0.0,0.0,0.0,0.0,0.0,0.0,0.0,0.0,0.0,0.007321649437058227,0.014690219666472444,0.0,0.009327670854153057,2.248990648045153e-05,7.259609442590533e-05,1.4253903514192725e-05,1.6470152020763812e-05,5.299293453631608e-05,0.0003703836567379393,0.00010214332797758829,3.737795080954147e-05,5.8945948172866955e-05,0.00011587957813208091,2.514481110699131e-05,5.648560128537883e-06,0.0003628883945124211,0.009388805256869774,0.0,7567.410180661641,0.0,116.40324074999998,Interconnection
BOB,0.0,0.4179905191982862,1.1081242532855437e-06,0.0,0.0,4.629629629629631e-07,53.56102897228549,5.698197342741199,0.0009673714694751957,0.10240825737444896,0.04212457246735056,0.0,0.0,0.0,0.004354956881838139,0.0,0.0,0.0,0.0,0.0,0.0,0.0,0.0,0.0,0.0029971400100640925,0.006058479748221128,0.0,0.0040024692338930384,1.031145717463849e-05,3.1629279446298355e-05,6.269620566061055e-06,7.578070283854489e-06,2.3812260536398474e-05,0.0001585999876405883,4.1922403493593697e-05,1.5701396613521198e-05,2.5915420425987727e-05,4.844333209739216e-05,1.0893688460429286e-05,2.491245416718164e-06,0.00014839482140650105,0.0,0.0,8102.5336316299645,0.0,5.7207454900000005,Interconnection
DRY,1.2704016648348253,99.35899726790791,0.000709841696535245,0.11697043942122642,7.293922788526054,0.28567195530307044,8.426891252861793,0.17296996218608568,6.140838438947448e-05,0.008007524910099994,0.0030852746511408915,0.0,0.0,0.0,0.00031137151950138593,0.0,0.0,0.0,0.0,0.0,0.0,0.0,0.0,0.0,0.00022465102318272505,0.0004539363328448424,0.0,0.0003277418472023589,2.7777777777777765e-07,1.657706093189964e-06,0.0,9.259259259259256e-08,4.629629629629629e-07,7.281959378733573e-06,1.2037037037037035e-06,3.7037037037037036e-07,7.407407407407407e-07,1.2962962962962962e-06,2.777777777777778e-07,0.0,7.727413175132863e-06,78.78710873969312,0.0,4230.256588730348,0.0,9.800380740000001,Interconnection
GLN,8.960573476702513e-07,8.010752688172045e-05,0.0,0.0,6.00358422939068e-06,0.0,69.43962463602267,0.0,0.0,0.0,0.0,0.0,0.0,0.0,0.0,0.0,0.0,0.0,0.0,0.0,0.0,0.0,0.0,0.0,0.0,0.0,0.0,0.0,0.0,0.0,0.0,0.0,0.0,0.0,0.0,0.0,0.0,0.0,0.0,0.0,0.0,185.1784316800928,0.0,6033.113120861584,0.0,0.0,Connection
MNG,0.0,187.3316895754174,0.0,0.0,0.0,0.0,0.0,0.0,0.0,0.0,0.0,0.0,0.0,0.0,0.0,0.0,0.0,0.0,0.0,0.0,0.0,0.0,0.0,0.0,0.0,0.0,0.0,0.0,0.0,0.0,0.0,0.0,0.0,0.0,0.0,0.0,0.0,0.0,0.0,0.0,0.0,0.0,0.0,10000.0,0.0,2.3880665200000006,Interconnection
ROS,0.0,139.81040322404814,0.0,0.0,0.0,0.0,0.0,0.0,0.0,0.0,0.0,0.0,0.0,0.0,0.0,0.0,0.0,0.0,0.0,0.0,0.0,0.0,0.0,0.0,0.0,0.0,0.0,0.0,0.0,0.0,0.0,0.0,0.0,0.0,0.0,0.0,0.0,0.0,0.0,0.0,0.0,0.0,0.0,10000.0,0.0,3.3451049399999992,Interconnection
PAK,1.5500673794148112,364.06649022041677,4.03673835125448e-05,0.0028925637907492746,9.196045293837656,0.004109329237071173,0.01023122823860727,0.0005282917306707629,0.0,6.272401433691754e-07,8.960573476702512e-08,0.0,0.0,0.0,0.0,0.0,0.0,0.0,0.0,0.0,0.0,0.0,0.0,0.0,0.0,0.0,0.0,0.0,0.0,0.0,0.0,0.0,0.0,0.0,0.0,0.0,0.0,0.0,0.0,0.0,0.0,1.3888888888888894e-06,0.0,9440.101370834658,0.0,22.002485989999997,Interconnection
BHL,1.2721149751781815,230.1107793968018,3.983870967741935e-05,0.002934077487625875,7.4392024996321595,0.004166505376344086,0.010363887182112988,0.0005354744837002902,0.0,5.376344086021508e-07,0.0,0.0,0.0,0.0,0.0,0.0,0.0,0.0,0.0,0.0,0.0,0.0,0.0,0.0,0.0,0.0,0.0,0.0,0.0,0.0,0.0,0.0,0.0,0.0,0.0,0.0,0.0,0.0,0.0,0.0,0.0,1.4814814814814815e-06,0.0,9292.364208843495,0.0,11.06035475,Interconnection
TAK,5.585405797159981,295.555683152702,0.0009724313022700117,0.13699496722548862,33.19802435436052,0.3151273844027167,2.6891501011559,0.18345225404770735,6.104697459258082e-05,0.008000375976246386,0.003073304700696246,0.0,0.0,0.0,0.0003097464628540824,0.0,0.0,0.0,0.0,0.0,0.0,0.0,0.0,0.0,0.0002237489921194037,0.00045181973945183056,0.0,0.0003256412621902055,2.7777777777777765e-07,1.5651135005973714e-06,0.0,9.259259259259256e-08,3.703703703703703e-07,7.281959378733573e-06,1.2037037037037035e-06,3.7037037037037036e-07,7.407407407407407e-07,1.2962962962962962e-06,2.777777777777778e-07,0.0,7.727413175132863e-06,0.0045603972520908,0.0,7760.64268849085,0.0,0.0,Connection
WIR,0.0,103.37677224908924,9.259259259259264e-07,0.0,0.0,3.7037037037037036e-07,16.826846594739305,1.1688390689831736,0.0009607716024860074,0.08605172028297169,0.03622376916444492,0.0,0.0,0.0,0.0037755773758026256,0.0,0.0,0.0,0.0,0.0,0.0,0.0,0.0,0.0,0.0025756203321150484,0.005174488180576891,0.0,0.0032997708947625514,8.199748691962262e-06,2.437657067523585e-05,3.882915173237754e-06,4.901433691756272e-06,1.6926935277880774e-05,0.00012410311869155032,3.445762781691591e-05,1.2379392740905535e-05,2.095105672969967e-05,3.851161784699049e-05,8.315824166769662e-06,1.574074074074074e-06,0.00012374541671816424,0.0,0.0,7430.641477693476,0.0,0.0,Connection
MER,0.0,0.0,0.0,0.0,0.0,0.0,0.0,2.842954554215148,0.0,0.0,0.0,0.0,0.0,0.0,0.0,0.0,0.0,0.0,0.0,0.0,0.0,0.0,0.0,0.0,0.0,0.0,0.0,0.0,0.0,0.0,0.0,0.0,0.0,0.0,0.0,0.0,0.0,0.0,0.0,0.0,0.0,0.0,0.0,10000.0,,,
TWH,0.5897545177622402,22.631821440827853,1.0078005330437698,0.02438385579067865,3.5202707390707486,0.16593216334581046,0.7546227834719353,55.605280037681496,0.14616079978635876,0.023890318968459955,11.016274416738764,0.0,0.00010480509649169273,0.0,0.1813076580606906,0.0,0.0,0.0,0.0,0.0,0.0010436560022600064,0.0,0.3998114592345405,0.0018190674603174605,0.13662799731182798,0.6606100308176045,0.0,4.041604874198845,0.1385344741070325,0.3173996517073644,0.059343351710601434,0.07560569220062269,0.2573440952542802,1.5371662774849781,0.3655096069044971,0.2553963081039485,0.1847885302967436,0.35623409979342124,0.12320895679944208,0.016641601279493382,0.8609102470337413,4.5331033742665285,0.2703877758576549,3110.165731551121,0.0,0.0,Connection
TMU,0.0,0.0,0.0,0.0,0.0,0.0,0.0,0.0,42.28402057619872,0.0,0.0,0.0,0.0,0.0,0.0,0.0,0.0,0.0,0.0,0.0,0.0,0.0,0.0,0.0,0.0,0.0,0.0,0.0,0.0,0.0,0.0,0.0,0.0,0.0,0.0,0.0,0.0,0.0,0.0,0.0,0.0,0.0,0.0,10000.0,0.0,0.11401839,Connection
ARI,6.317204301075266e-05,2.6365907199504437,7.599864046471388e-05,5.28673835125448e-06,0.00030134408602150534,1.771505376344086e-05,12.322930807062228,2.5553321418492625,1.5405567937258329,19.871073859947273,86.25686033004041,0.0,1.3327359617682195e-05,0.0,3.9515043962427394,0.0018631080389144906,0.0,0.0,0.0,0.0,0.0,0.0,0.0,0.0,0.28554998783186497,0.3854024069733567,0.0,0.3418590191261896,0.0005017932476414123,0.001311387755942817,0.0002671807151979566,0.00031990678943682283,0.0010390962180200222,0.00677221635150167,0.001555199398508631,0.0007656406295060357,0.0009413718946978123,0.0017088179252667572,0.0004765785028632637,9.173536439665473e-05,0.004397811354179542,0.0,1.8881208397337434e-07,4732.441858337332,0.0,3.2744086700000006,Interconnection
KPO,0.0,0.01676754706875953,1.8343426852881802e-06,0.0,0.0,1.8518518518518518e-07,0.5608864420711429,0.466158905132687,45.185150304446154,0.0931883151179147,40.27949941579711,0.0,0.0,0.0,0.00451300282206567,0.0,0.0,0.0,0.0,0.0,0.0,0.0,0.0,0.0,0.0033366239016308537,0.007012438144087199,0.0,0.006185040602138768,1.9505314547027565e-05,4.018920199398509e-05,6.443682280723439e-06,7.457051044370288e-06,2.523173896922507e-05,0.0002068902690231945,4.7005932517612155e-05,2.3676718988176167e-05,3.085166646067647e-05,5.6472520908004784e-05,1.3527994067482387e-05,2.5720965682033537e-06,0.00017903895274584933,0.0,0.0,4883.887442488619,0.0,0.0,Connection
CBG,0.0,0.011218508219008778,1.2907345610348947e-06,0.0,0.0,1.8518518518518516e-07,0.3750879311816186,0.3117247079353309,49.690986305050885,0.062315215318607974,2.7978145215436316,0.0,0.0,0.0,0.003019803441213341,0.0,0.0,0.0,0.0,0.0,0.0,0.0,0.0,0.0,0.0022328707234964187,0.004688861234705228,0.0,0.004142465283295373,1.341943723478763e-05,2.769651464590285e-05,4.788757055164174e-06,5.9038849750751875e-06,1.7877065051703538e-05,0.0001400757013966135,3.268281629794421e-05,1.6305256869773e-05,2.217855230091048e-05,3.95211757920323e-05,9.67989123717711e-06,1.5685123388126724e-06,0.00011965692333044949,0.0,0.0,8731.922160288605,0.0,0.0,Connection
HAM,0.04687874850657109,1.8448518915638183,2.029983296431661,0.0018166521590715138,0.23906736239119306,0.0033468337173579105,36.636156083339216,197.68769639714318,31.33762316535569,5.943174951298031,169.56348681328026,0.0,0.0,0.0,0.12584539588372734,0.0,0.0,0.0,0.0,0.0,0.0,0.0,2.202380952380952e-05,0.0,0.09165454011217636,0.17439206258717802,0.0,0.14018111500285446,0.0003751542057312358,0.0009684087478150325,0.00020754912866147572,0.00024487249206937747,0.0007604728725626945,0.00503736440695423,0.0011643005235093663,0.0004905421294089258,0.0007349136901083508,0.0013431975857949162,0.0003457220986281053,7.310952498661064e-05,0.0035842133234458046,0.0018312037037037038,3.717571257893839e-06,3530.946384492491,0.0,5.94998527,Interconnection
MVE,0.0,0.0,0.0,0.0,0.0,0.0,0.0,0.0,0.0,0.0,86.3714722933845,0.0,0.0,0.0,0.0,0.0,0.0,0.0,0.0,0.0,0.0,0.0,0.0,0.0,0.0,0.0,0.0,0.0,0.0,0.0,0.0,0.0,0.0,0.0,0.0,0.0,0.0,0.0,0.0,0.0,0.0,0.0,0.0,10000.0,,,
RTO,0.0,0.00489047789725209,4.945113912577762e-05,0.0,0.0,8.518518518518517e-06,0.1656261059907834,0.023982568057689026,0.024035952167605387,9.679938797076117,3.4333795578052624,0.0,9.259259259259256e-08,0.0,0.27729461551194445,0.0,0.0,0.0,0.0,0.0,0.0,0.0,0.0,0.0,0.20874569951327454,0.2908787316080183,0.0,0.2551782835719877,0.00039350214229802666,0.0010359721707246736,0.00021361234705228037,0.0002560339677831335,0.0008176608783421909,0.005356414328677955,0.00122223355168294,0.0005809245869896594,0.0007511948461253244,0.001369821509496148,0.000370299200758044,7.382348700201868e-05,0.0035779845919334244,0.0,1.8881208397337434e-07,5115.847274281729,,,
HTI,0.0,0.0004472132616487456,4.135253161949491e-06,0.0,0.0,5.555555555555556e-07,0.014300624253285543,0.002368467741935484,0.002593745519713261,31.79304072562253,0.1709987539800248,0.0,0.0,0.0,0.019195164409602675,0.0,0.0,0.0,0.0,0.0,0.0,0.0,0.0,0.0,0.014558763256940397,0.02344961437899842,0.0,0.02392048931499432,4.402679932435216e-05,0.00010994953240225768,2.1892019939850863e-05,2.1807872945247805e-05,8.71452848844395e-05,0.0006022066699625097,0.00011874119391916948,6.314979606970709e-05,7.367239319408395e-05,0.00012826442961315042,3.839832323981378e-05,6.515984839121659e-06,0.00029889269970749386,0.0,0.0,9830.477026774772,0.0,0.0,Connection
HIN,0.0,0.0,0.0,0.0,0.0,0.0,0.0,0.0,0.0,0.0,51.606648540713955,0.0,0.0,0.0,0.0,0.0,0.0,0.0,0.0,0.0,0.0,0.0,0.0,0.0,0.0,0.0,0.0,0.0,0.0,0.0,0.0,0.0,0.0,0.0,0.0,0.0,0.0,0.0,0.0,0.0,0.0,0.0,0.0,10000.0,0.0,0.0,Connection
KIN,4.9372759856630824e-05,2.1041155993873257,1.1379928315412185e-05,4.0322580645161275e-06,0.00023351254480286743,5.555555555555557e-06,9.596774193548383e-05,0.00026433691756272404,6.182795698924731e-06,3.9784946236559136e-05,169.65541758785486,0.0,1.1379928315412185e-05,0.0,3.0930797133940713,0.0014419322836661552,0.0,0.0,0.0,0.0,0.0,0.0,0.0,0.0,1.6935483870967738e-05,5.698924731182795e-05,0.0,0.0002633512544802868,1.2275985663082438e-05,2.39247311827957e-05,4.0322580645161275e-06,7.25806451612903e-06,2.2222222222222213e-05,0.00011326164874551973,3.9695340501792105e-05,2.6075268817204306e-05,1.5860215053763433e-05,2.6971326164874545e-05,1.4605734767025091e-05,1.7921146953405026e-06,3.378136200716846e-05,0.0,0.0,9418.639989954116,0.0,1.5763861500000003,Interconnection
KPU,0.0,0.0,0.0,0.0,0.0,0.0,0.0,0.0,0.0,0.0,51.29024831771486,0.0,0.0,0.0,0.0,0.0,0.0,0.0,0.0,0.0,0.0,0.0,0.0,0.0,0.0,0.0,0.0,0.0,0.0,0.0,0.0,0.0,0.0,0.0,0.0,0.0,0.0,0.0,0.0,0.0,0.0,0.0,0.0,10000.0,0.0,0.0,Connection
ONG,0.0,0.004737443249701314,5.026655131215754e-05,0.0,0.0,8.518518518518517e-06,0.16263651156340672,0.023527042797405702,0.023585608678955445,8.373126831716311,3.4746222994979723,0.0,9.259259259259256e-08,0.0,0.2796204216030745,0.0,0.0,0.0,0.0,0.0,0.0,0.0,0.0,0.0,0.21052529770732914,0.29319683645408473,0.0,0.2568797375537781,0.00039920683475466566,0.001049600791002348,0.00021640207226136034,0.0002592804762493305,0.0008278512132822478,0.0054280441230997395,0.001238409961685824,0.0005894755489638693,0.0007629361842376302,0.0013898780538046393,0.0003756277551188564,7.508991472005931e-05,0.003629909261319162,0.0,1.8881208397337434e-07,4792.763909634993,0.0,0.4370985100000001,Interconnection
PAO,0.0,0.0,0.0,0.0,0.0,0.0,0.0,0.0,0.0,0.0,7.7330908117852895,0.0,0.0,0.0,0.0,0.0,0.0,0.0,0.0,0.0,0.0,0.0,0.0,0.0,0.0,0.0,0.0,0.0,0.0,0.0,0.0,0.0,0.0,0.0,0.0,0.0,0.0,0.0,0.0,0.0,0.0,0.0,0.0,10000.0,0.0,0.0,Connection
WHU,0.0,0.0,0.0,0.0,0.0,0.0,0.0,0.0,0.0,0.0,109.17997605047644,0.0,0.0,0.0,0.0,0.0,0.0,0.0,0.0,0.0,0.0,0.0,0.0,0.0,0.0,0.0,0.0,0.0,0.0,0.0,0.0,0.0,0.0,0.0,0.0,0.0,0.0,0.0,0.0,0.0,0.0,0.0,0.0,10000.0,0.0,0.0,Connection
WKO,0.0,0.0,0.0,0.0,0.0,0.0,0.0,0.0,0.0,0.0,69.04644010970449,0.0,0.0,0.0,0.0,0.0,0.0,0.0,0.0,0.0,0.0,0.0,0.0,0.0,0.0,0.0,0.0,0.0,0.0,0.0,0.0,0.0,0.0,0.0,0.0,0.0,0.0,0.0,0.0,0.0,0.0,0.0,0.0,10000.0,0.0,0.0,Connection
OHW,6.5356816156767366,234.95474352090943,0.30217383909075923,0.2377602473721537,38.9949748132846,0.5376822060667055,8.89553402031799,25.741697131321693,4.678636083913049,1.2400063975404771,23.803725693598427,0.0,1.7921146953405023e-07,0.0,0.03639471927950515,3.5842293906810047e-07,0.0,0.0,0.0,0.0,2.6881720430107534e-07,0.0,9.20899470899471e-05,0.0,0.025570623473465517,0.04975844137519055,0.0,0.05322201698242021,0.000900526584506006,0.0017575525495700695,0.00035350912389427413,0.0004919744380881756,0.0014706128429001065,0.0089759527635056,0.0022454317628052326,0.0014445948025731115,0.001128717953811113,0.0026329252079029613,0.0007692393444214912,0.00014483557568374032,0.007965816052227341,0.008242665983956305,1.863095238095238e-05,4849.556541547179,0.0,16.151227180000003,Interconnection
HLY,4.589321218579139,186.848167281003,0.2819319146273638,0.1344901477317537,27.819342886621534,0.371907155062062,7.183793098129313,30.766972567101305,1.7417059485333497,0.5183794162311446,13.570667696970773,0.0,3.969690749863164e-05,0.0,0.113812603009811,2.6881720430107534e-07,0.0,0.0,0.0,0.0,0.0005256564245399062,0.0,0.16393216804680094,0.0006445285031575354,0.08406438828268915,0.35946125788648176,0.0,2.071538648814673,0.06941947941863681,0.15421542765771493,0.028273872932005582,0.03525781545926985,0.12666146306007264,0.7463932367827862,0.17442784030315872,0.12988278421497138,0.08688176243003691,0.16928654049767233,0.06140959650199222,0.007776075621943252,0.4089595721951492,36.64105234029139,0.11814150681827545,3839.849334129709,0.0,5.942285849999999,Interconnection
NAP,1.0127051249992642,79.89134233629666,0.4823471453437388,0.09649791626939988,6.197511417300823,0.2958525913272243,3.632141535634832,13.057033092185025,2.1595061756596103,0.7842590694245812,46.23375581644949,64.66331978863936,0.0002506806798853517,0.000983861801178264,70.48055994108681,1.8138497224723529,2.296995702426565,0.0005648327359617681,5.603576717524175,36.804718547114355,2.4332223928998127e-05,0.0,0.01211074522102748,7.254586960232123e-05,0.5095301360491671,2.060168097982179,6.4030949234231445,12.401543624515188,0.3073767546318367,0.6952069372789282,0.12493058485766075,0.14718702816474508,0.5591925676162814,3.3640891604133936,0.7757744852157896,0.5374357761931245,0.3405300840660698,0.6579210191291324,0.2618783020669645,0.028528763382005874,1.4258059549705433,0.002416239332650623,0.007672218168629461,1455.218606768719,0.0,0.0,Connection
WRK,2.025439996005262,159.72328438394217,0.948291693666096,0.13256910102200564,12.467969084277945,0.6204944109489674,7.2539633401898636,26.007282147940682,4.278524769886881,1.536367035896734,91.71565227627993,0.0,0.0004755315356274756,0.0019310222263420262,176.9249578616231,3.587613678506688,4.561824501665577,0.0010891129032258064,11.104292857319422,73.97749775344887,4.8097158218125955e-05,0.0,0.023480341141833082,0.000139755291005291,0.991022841914296,4.020417907853228,12.501394195593575,24.22901016621938,0.6030555438361848,1.3688137926841109,0.24500618779831795,0.2908624245708047,1.1077230492507844,6.62400553575107,1.5326775192674398,1.0871682126451496,0.6754245326744589,1.301727487427241,0.517920494221975,0.05667539450800714,2.8600390739122252,0.00466676267281106,0.01480502069465779,1789.3175492507046,0.0,9.237694080000004,Interconnection
MAT,0.0019186889606911852,0.2434959109842801,0.00032546997398638124,0.00010814188016079007,0.011716054493234693,0.00023259269558768998,0.006614679707317361,0.0241282093566632,0.003224745072420267,0.001118582758032146,5.796123060072628,0.0,1.7740974270279741,2.057842046718576e-06,5.005090310912771,11.188645879651697,7.0195455533411595,0.006512096774193547,3.4946236559139777e-06,1.693548387096774e-05,0.0,0.0,3.945852534562212e-06,0.0,0.0003582624947766772,0.0015432372536210133,1.3261648745519714e-05,0.009948846962527442,0.0002138058821971503,0.0005388939871462118,8.00626210192395e-05,0.00011041548222304617,0.0004404006803561865,0.002708921633973081,0.0006476882161837668,0.0005795029750869572,0.00029279147612573637,0.0005552431714250401,0.00023438333156770307,2.4408705145635063e-05,0.0015852848844395005,1.7314814814814816e-05,2.604966717869944e-06,2442.805564279442,0.0,0.0,Connection
ARA,0.21916480125624588,16.683740563000626,0.09566166836608578,0.011560509200404918,1.2483626534774088,0.06135184954917575,0.7580788569089111,2.757613859241014,0.4354127006933042,0.13108495744831114,8.699161235632182,0.0,2.542673075904444e-05,0.0002147993655501998,14.869257314601466,0.3255097364796864,0.3794480914419902,0.00010222819593787336,1.1107651247123491,7.384286363176898,3.068783068783069e-06,0.0,0.0018709643283836828,6.9322836661546355e-06,0.10833296771545103,0.4284906844024223,1.3099215305880727,2.682137604665089,0.06161451582740375,0.13986409589432114,0.02376473331626557,0.027038231522679517,0.1129423443449806,0.6662816644449153,0.1508118246096486,0.112626205999023,0.0657511646464914,0.12339880460947203,0.05264742540947909,0.004994079091406679,0.2515677569801249,0.0005599607441542926,0.0010811819423109743,1720.9745162038291,0.0,0.0,Connection
OHK,0.3597273386140391,28.078329155035572,0.05401099769143846,0.01818913847543714,1.9802663129888591,0.04142291545279588,1.1761231273946362,4.2441237885275225,0.6435583961309156,0.17386990225029572,77.97818555334855,0.0,0.0001343766663135406,0.00034389383265356573,23.967165643123458,4.535946679599908,5.231602788356847,0.001161108124253285,7.849462365591398e-05,0.0008838997695852533,1.6417050691244238e-06,0.0,0.0011127978323946066,5.007467144563919e-06,0.05760660352331515,0.23430778127961116,0.00042259984639016906,1.4289400046127092,0.03189863962603952,0.07437673557038682,0.012653467734578693,0.014718556266221724,0.0607370110675589,0.3570824375776141,0.08211801749151026,0.0633248135347329,0.035193508667773134,0.06596549511950374,0.02865021962968848,0.0026318491813361114,0.13607223113865494,0.0009615794077487623,0.000698809950503499,3289.405878434894,0.0,2.38032813,Interconnection
ATI,0.054821049159560015,3.9396102726868776,0.007251963866377105,0.0022563542531089807,0.27915862850256895,0.005718588562541567,0.1708834125954176,0.6205164879260319,0.0889866046930452,0.021512113106273285,8.877815344400892,0.0,1.5190092165898615e-05,5.470522803114572e-05,2.78929947766772,0.060533872887864826,0.0007103285543608124,2.246117084826762e-06,0.0,0.0,1.7921146953405023e-07,0.0,0.0001091944017750469,0.0,0.00791407857643119,0.03155115165439554,0.0,0.19759070917274335,0.004146416454791038,0.009606073400191869,0.0015500487755354274,0.0017361212414146233,0.007890420940963209,0.04566848002042245,0.010350648839686664,0.008331986032393431,0.004367045526775782,0.008038978362201387,0.003747892521673111,0.0002941269105590574,0.01537765734708171,0.00012609447004608296,6.968189964157708e-05,3439.230605885755,0.0,2.8587248900000004,Interconnection
WKM,1.8640615361277373,277.03293851755484,0.10611892312004524,0.03690042538446599,10.961036585101906,0.07964339473312497,2.0885049525928268,7.5344799215030225,1.2120914251431631,0.42522197119374255,8.42217913842394,0.0,3.623491121822601e-05,7.769486644147525,0.20347050084308846,0.010300442908346134,0.00043143966547192365,3.643966547192353e-07,0.0,0.0,3.807817033623485e-06,0.0,0.002604332650622973,1.1211597542242706e-05,0.11961964154763376,0.5162313262605129,0.0,3.04687946053375,0.08194376179293864,0.18478502547657294,0.03323844627481446,0.03907562573935766,0.1499335053351461,0.898603831719253,0.2072557027208362,0.14562922758826682,0.09299659295896086,0.18018580155934574,0.06980644609530873,0.007919276819923372,0.4016598301757979,0.0008577882317801673,0.00167619538317119,7345.495106429881,0.0,28.11956566,Interconnection
MTI,1.5458325343267951,110.25835751253595,0.21558523756554898,0.0633227139870285,7.966035000617969,0.16439910414128572,5.0567970818987575,18.46915693872822,2.7989553900571478,0.6842308239534226,18.66113512073233,0.0,4.871263485000971e-05,0.0014016443167305238,0.3621200561029009,0.01360026775046936,0.0004305645161290322,5.406212664277182e-07,0.0,0.0,4.444657791431985e-06,0.0,0.003508165215907152,1.3143027820447175e-05,0.2418031930466538,1.0027606957686672,0.0,6.1574538656782085,0.13679603462989445,0.3109944063656856,0.05151298590144253,0.055385146436958174,0.2512417591194802,1.4875990820561935,0.32896295907121964,0.2398235104481169,0.138320903568633,0.2582180522376421,0.11676466371365007,0.009662585736061824,0.4743500533441037,0.0015700588837685616,0.002204094555384878,4120.962289367357,0.0,0.0,Connection
WPA,0.3325076760259783,24.4235060777922,0.051246872906992494,0.015488888432767746,1.7997214043822944,0.03789189689749338,1.1184401763864609,4.088088810112353,0.6369753668317529,0.1676137695911389,4.265615850585012,0.0,9.617785193424795e-06,0.00030886859885469447,0.09017840217819917,0.0039988758747226474,0.00016658900836320192,1.7921146953405023e-07,0.0,0.0,1.622503840245776e-06,0.0,0.001003189110769756,3.4781959378733583e-06,0.057757746305418724,0.24189794244486815,0.0,1.4688332987711217,0.035153906133210934,0.08001245017244323,0.013847667131615964,0.015467193795575332,0.06496362027767479,0.3871486652938893,0.08744171051315101,0.06305877576348795,0.03718949199875228,0.07114538019168859,0.030514410257428886,0.002860299818728629,0.14370292869502266,0.00042493087557603687,0.0005995957074586105,4026.2121967617572,0.0,0.0,Connection
PPI,0.4942949591992278,40.324379172846385,0.100560863010635,0.032623151789760524,3.143434512737551,0.12030055086927866,1.8517414884557208,6.700071319565831,1.1336349103574812,0.4302856652306207,7.801985711313571,0.0,5.5665370399797534e-05,0.0004997993655501998,0.20501835050408745,0.008749742276839051,0.0005268100358422938,7.287933094384705e-07,7.0370370370370375e-06,4.500000000000001e-05,5.548728451954259e-06,0.0,0.0027589454258405872,1.824671445639188e-05,0.11359244886293415,0.494395368648881,3.3333333333333333e-06,2.895767391060614,0.08380734544114272,0.1870617372256652,0.034418598508925265,0.041794954748368265,0.15252066519383675,0.9113827890042436,0.21472814917809915,0.1506560398385037,0.09639752836043576,0.1897042892381894,0.07196572901401323,0.008628700672705124,0.4433412573567928,0.0007174404761904762,0.0017784218723331626,3750.143059718433,0.0,0.0,Connection
KAW,0.02369532375773199,3.2605239727710384,0.004314478373972256,0.0014739505240979106,0.14560072925678738,0.003079848501568469,0.08140843253968254,0.2935820916980065,0.041788351909234835,0.014633920427459082,48.91222007378863,0.0,0.03530065197368033,2.7996230379433928e-05,26.97055949327148,119.11380329437176,168.83112135072187,0.017119734169653518,3.9605734767025094e-05,0.00027007168458781356,0.0,0.0,8.81278801843318e-05,0.0,0.004810276600690951,0.019711961070795887,0.00017069892473118282,0.12571910269199754,0.002957944534197315,0.007205004612709006,0.0012252257358264034,0.0016518807566902676,0.006105118871056024,0.03521437381187799,0.008581018268387567,0.00753019438117603,0.003950279249136313,0.007497570500144194,0.0030826793291782173,0.0003499250195690685,0.020583311108462662,0.00018136328725038402,5.277479091995222e-05,3383.5087073030713,0.0,3.9025120400000004,Interconnection
OKI,0.061592676092189436,4.8861020444894665,0.02988974813284602,0.0040973287117961775,0.3824252188866525,0.019130829618153038,0.2208312700987576,0.7917032617738109,0.1354878402737316,0.048867073828357206,2.848700719663529,0.0008715292712066906,3.703703703703704e-06,6.28136200716846e-05,4.347474222372301,0.1112782136015326,0.14002627093007514,3.6696535244922354e-05,0.34506600084014577,2.300351584410368,3.5842293906810047e-07,0.0,0.000721823476702509,9.152585765488995e-07,0.03121407524380412,0.12692003573929878,0.39856088822236346,0.7692883202750264,0.019932051993396545,0.045269519638222365,0.008102494850245128,0.009589269727975237,0.036675424450153316,0.21881371164168292,0.05082962863646262,0.03658189365314783,0.022068892412792574,0.04253814958272273,0.017189033744136634,0.001845943449806075,0.09376577638440126,3.411781020651989e-05,0.00046911887694145763,1676.1272382626528,0.0,0.0,Connection
EDG,1.0035842293906807e-05,0.632205666076652,8.960573476702513e-07,8.064516129032259e-07,5.985663082437274e-05,1.2544802867383517e-06,2.293906810035842e-05,7.320788530465949e-05,1.0842293906810036e-05,1.7921146953405018e-05,23.098144030463015,0.0,4.179680097227372e-05,0.0,19.24010873881767,88.36323695622265,0.029449698327359625,5.4841696535244906e-05,0.0,0.0,0.0,0.0,0.0,0.0,7.616487455197133e-06,2.42831541218638e-05,0.0,0.00013763440860215057,3.1362007168458782e-06,5.0179211469534035e-06,8.960573476702513e-07,1.7025089605734768e-06,5.465949820788531e-06,2.8584229390681007e-05,1.0125448028673837e-05,9.13978494623656e-06,9.85663082437276e-07,1.7025089605734761e-06,4.390681003584228e-06,8.960573476702512e-08,1.6129032258064518e-06,0.0,0.0,5048.654237782491,0.0,3.06609343,Interconnection
WAI,0.0,0.0,0.0,0.0,0.0,0.0,0.0,0.0,0.0,0.0,0.0,0.0,0.0,0.0,0.0,13.306209802837955,0.0,0.0,0.0,0.0,0.0,0.0,0.0,0.0,0.0,0.0,0.0,0.0,0.0,0.0,0.0,0.0,0.0,0.0,0.0,0.0,0.0,0.0,0.0,0.0,0.0,0.0,0.0,10000.0,0.0,0.0,Connection
TKH,0.0,0.0,0.0,0.0,0.0,0.0,0.0,0.0,0.0,0.0,0.0,0.0,0.0,0.0,0.0,1.4092864792891573,0.0,0.0,0.0,0.0,0.0,0.0,0.0,0.0,0.0,0.0,0.0,0.0,0.0,0.0,0.0,0.0,0.0,0.0,0.0,0.0,0.0,0.0,0.0,0.0,0.0,0.0,0.0,10000.0,0.0,0.0,Connection
LFD,0.0,5.086584337410468,0.0,0.0,0.0,0.0,0.0,0.0,0.0,0.0,1.1851851851851852e-05,0.0,0.0,0.0,2.4074074074074083e-06,0.0,0.0,0.0,0.0,0.0,0.0,0.0,0.0,0.0,0.0,0.0,0.0,0.0,0.0,0.0,0.0,0.0,0.0,0.0,0.0,0.0,0.0,0.0,0.0,0.0,0.0,0.0,0.0,9999.943934145285,0.0,0.0,
MTM,0.0,0.0,0.0,0.0,0.0,0.0,0.0,0.0,0.0,0.0,68.67627638309908,0.0,0.0,0.0,0.0,0.0,0.0,0.0,0.0,0.0,0.0,0.0,0.0,0.0,0.0,0.0,0.0,0.0,0.0,0.0,0.0,0.0,0.0,0.0,0.0,0.0,0.0,0.0,0.0,0.0,0.0,0.0,0.0,10000.0,0.0,3.418588,Interconnection
OKE,0.0,0.0,0.0,0.0,0.0,0.0,0.0,0.0,0.0,0.0,18.266187036632413,0.0,0.0,0.0,0.1917646389065452,0.0,0.0,0.0,0.0,0.0,0.0,0.0,0.0,0.0,0.0,0.0,0.0,0.0,0.0,0.0,0.0,0.0,0.0,0.0,0.0,0.0,0.0,0.0,0.0,0.0,0.0,0.0,0.0,9794.373343606932,0.0,0.13044663999999997,
OWH,0.0,0.0,0.0,0.0,0.0,0.0,0.0,0.0,0.0,0.0,2.3067090665333616,0.0,0.0,0.0,15.14604791580592,0.0,0.0,0.0,0.0,0.0,0.0,0.0,0.0,0.0,0.0,0.0,0.0,0.0,0.0,0.0,0.0,0.0,0.0,0.0,0.0,0.0,0.0,0.0,0.0,0.0,0.0,0.0,0.0,7705.996576171141,0.0,0.0,Connection
PIE,0.0,0.0,0.0,0.0,0.0,0.0,0.0,0.0,0.0,0.0,30.23000354823997,0.0,0.0,0.0,0.0,0.0,0.0,0.0,0.0,0.0,0.0,0.0,0.0,0.0,0.0,0.0,0.0,0.0,0.0,0.0,0.0,0.0,0.0,0.0,0.0,0.0,0.0,0.0,0.0,0.0,0.0,0.0,0.0,10000.0,,,
THI,2.946516977049749,233.30305002311508,0.5632192352099039,0.19053845991430807,18.253784952548692,0.6424136126707511,10.738627535768726,38.68018492456345,6.443218613178368,2.3306400879578137,43.95047284841034,0.0,0.00032675847208244314,0.0028055102377126844,1.0633663531790174,0.049278144521249366,0.0022907467144563922,3.088410991636798e-06,1.9722222222222227e-05,0.00012324074074074074,3.255504352278545e-05,0.0,0.015817051757979178,0.00010018710530807306,0.6094679676713102,2.6069049622081555,9.080687830687829e-06,15.144485633221214,0.4137528958101593,0.9322857466850296,0.1708283765324199,0.2066713303582464,0.7555314528120605,4.536927324952475,1.0616429356177646,0.7392704028726804,0.4771161417153687,0.9287375851254479,0.3538219056520767,0.0417119068291635,2.1104715085103383,0.004974597414234511,0.010312553123399898,3849.156661692049,0.0,0.0,Connection
ROT,1.4874551971326166e-05,0.08180421979742337,3.225806451612903e-06,1.1648745519713265e-06,7.204301075268817e-05,1.6129032258064516e-06,2.9480286738351256e-05,8.234767025089605e-05,2.240143369175628e-06,1.2634408602150536e-05,0.9377026988835331,0.0,0.00020167773128284807,0.0,92.46905256973506,0.0004639656938044034,0.0,0.0,0.0,0.0,0.0,0.0,0.0,0.0,5.64516129032258e-06,1.845878136200716e-05,0.0,8.736559139784948e-05,3.942652329749102e-06,7.2580645161290315e-06,1.0752688172043013e-06,1.9713261648745523e-06,6.7204301075268826e-06,3.593189964157706e-05,1.272401433691756e-05,8.602150537634407e-06,4.6594982078853036e-06,7.974910394265232e-06,4.56989247311828e-06,5.376344086021508e-07,1.0035842293906807e-05,0.0,0.0,9783.869071186116,0.0,0.048899130000000006,Connection
TRK,0.00012302867383512546,6.38042913007398,2.6792114695340506e-05,1.021505376344086e-05,0.0005959677419354838,1.4247311827956988e-05,0.00024345878136200719,0.0006816308243727599,2.544802867383512e-05,0.0001099462365591398,125.10982747199269,0.0,0.0003672144828763293,0.0,72.89124138568131,0.6301248370029015,0.016958040621266424,3.363799283154122e-05,0.0,0.0,0.0,0.0,0.0,0.0,4.704301075268817e-05,0.0001568996415770609,0.0,0.0007505376344086022,3.1272401433691764e-05,6.0394265232974904e-05,1.057347670250896e-05,1.890681003584229e-05,5.734767025089604e-05,0.0002911290322580645,0.00010224014336917562,6.980286738351256e-05,3.718637992831542e-05,6.335125448028673e-05,3.8172043010752694e-05,4.032258064516128e-06,7.885304659498205e-05,0.0,0.0,4997.031165551517,0.0,7.481525870000001,Interconnection
TGA,0.0,0.0,0.0,0.0,0.0,0.0,0.0,0.0,0.0,0.0,105.62161828407959,0.0,0.0,0.0,0.0,0.0,0.0,0.0,0.0,0.0,0.0,0.0,0.0,0.0,0.0,0.0,0.0,0.0,0.0,0.0,0.0,0.0,0.0,0.0,0.0,0.0,0.0,0.0,0.0,0.0,0.0,0.0,0.0,10000.0,0.0,0.38525715,Connection
TMI,0.0,0.0,0.0,0.0,0.0,0.0,0.0,0.0,0.0,0.0,35.259513428589074,0.0,0.0,0.0,0.0,0.0,0.0,0.0,0.0,0.0,0.0,0.0,0.0,0.0,0.0,0.0,0.0,0.0,0.0,0.0,0.0,0.0,0.0,0.0,0.0,0.0,0.0,0.0,0.0,0.0,0.0,0.0,0.0,10000.0,0.0,1.50290642,Interconnection
KMO,0.0,0.0,0.0,0.0,0.0,0.0,0.0,0.0,0.0,0.0,166.51800591095488,0.0,0.0,0.0,0.0,0.0,0.0,0.0,0.0,0.0,0.0,0.0,0.0,0.0,0.0,0.0,0.0,0.0,0.0,0.0,0.0,0.0,0.0,0.0,0.0,0.0,0.0,0.0,0.0,0.0,0.0,0.0,0.0,10000.0,0.0,11.03114463,Interconnection
TUI,1.1296296296296295e-05,0.0021183333333333327,1.5925925925925926e-05,4.5370370370370386e-06,0.0002115740740740741,0.0026429002168782485,8.990740740740742e-05,0.0003600925925925926,9.259259259259256e-08,7.435185185185185e-05,0.0030078703703703713,0.0,9.259259259259256e-08,0.0,32.38400170358306,5.601851851851852e-05,6.62037037037037e-05,0.0,50.26388239538642,0.9468030844751076,0.0,0.0,0.0,0.0,3.8703703703703705e-05,0.00023888888888888883,0.000692685185185185,0.0013399999999999998,0.00016416666666666668,0.00030777777777777775,6.666666666666667e-05,0.00011481481481481484,0.0002355555555555556,0.0012825,0.0003627777777777777,0.0003358333333333333,0.00021120370370370368,0.0003755555555555556,0.00010879629629629627,2.212962962962963e-05,0.0012096296296296302,0.0,0.0,5115.473122101518,0.0,1.1715180800000002,Interconnection
WHI,0.00013141577060931902,0.008736735364396654,4.360513739545998e-05,1.6487455197132617e-06,0.0005001881720430108,0.15165512439600734,0.00044385902031063323,0.001478378136200717,0.00011086320191158898,3.0710872162485064e-05,0.004125421146953405,0.0,0.0,0.0,26.922159225719643,7.233273596176822e-05,1.7216248506571084e-05,0.0,2.7091760856198253,118.8874723322872,0.0,0.0,0.0,0.0,7.933393070489845e-05,0.0001297162485065711,0.0005812694145758661,0.0008916457586618877,3.962962962962962e-05,7.296296296296296e-05,1.5833333333333333e-05,2.759259259259259e-05,5.63888888888889e-05,0.00030777777777777786,8.703703703703703e-05,8.055555555555554e-05,5.0370370370370366e-05,8.851851851851852e-05,2.601851851851852e-05,5.185185185185185e-06,0.00027916666666666666,0.0,0.0,6724.317023486217,0.0,2.0579867500000004,Interconnection
FHL,2.7777777777777783e-06,0.0004946296296296297,3.981481481481482e-06,1.2037037037037035e-06,4.962962962962962e-05,0.0004921204262819946,2.111111111111111e-05,8.416666666666666e-05,0.0,1.7500000000000002e-05,0.0007027777777777776,0.0,0.0,0.0,61.321503380998,1.3333333333333328e-05,1.5462962962962962e-05,0.0,3.693620787875712,0.17159275021923245,0.0,0.0,0.0,0.0,9.166666666666665e-06,5.574074074074075e-05,0.00016185185185185188,0.00031287037037037036,3.8333333333333314e-05,7.194444444444445e-05,1.537037037037037e-05,2.685185185185186e-05,5.546296296296296e-05,0.00030000000000000014,8.499999999999999e-05,7.842592592592593e-05,4.9259259259259254e-05,8.796296296296296e-05,2.5370370370370372e-05,5.370370370370371e-06,0.0002833333333333333,0.0,0.0,8880.473489170974,0.0,1.38364227,Interconnection
GIS,0.0,0.0,0.0,0.0,0.0,0.0,0.0,0.0,0.0,0.0,0.0,0.0,0.0,0.0,0.0,0.0,0.0,0.0,60.22998605594253,0.0,0.0,0.0,0.0,0.0,0.0,0.0,0.0,0.0,0.0,0.0,0.0,0.0,0.0,0.0,0.0,0.0,0.0,0.0,0.0,0.0,0.0,0.0,0.0,10000.0,0.0,0.06412124,Connection
RDF,2.407407407407408e-05,0.0033062962962962963,2.564814814814815e-05,5.925925925925924e-06,0.00030462962962962963,0.00546625605464037,0.00014768518518518519,0.0005641666666666668,1.12037037037037e-05,9.75e-05,0.004140555555555556,0.0,1.8518518518518516e-07,0.0,191.44364962403844,8.00925925925926e-05,8.490740740740743e-05,0.0,17.890688966319132,2.084833463033588,0.0,0.0,0.0,0.0,5.675925925925927e-05,0.0003113888888888888,0.0009191666666666668,0.001759074074074074,0.00021027777777777776,0.0003943518518518518,8.462962962962964e-05,0.00014879629629629626,0.00030259259259259264,0.0016450000000000002,0.0004652777777777776,0.0004298148148148149,0.00027027777777777776,0.000482037037037037,0.00013888888888888892,2.888888888888889e-05,0.0015502777777777776,0.0,0.0,8270.355764811318,0.0,6.01103446,Interconnection
WRA,0.0,3.1481481481481475e-06,0.0,0.0,1.8518518518518516e-07,9.259259259259264e-07,0.0,5.555555555555556e-07,0.0,0.0,6.111111111111111e-06,0.0,0.0,0.0,0.0018370007680491547,0.0,1.8518518518518516e-07,0.0,10.124826890467656,0.0003290237241850145,0.0,0.0,0.0,0.0,0.0,5.555555555555554e-07,1.6666666666666669e-06,2.2222222222222217e-06,3.7037037037037036e-07,5.555555555555556e-07,0.0,0.0,1.8518518518518516e-07,1.851851851851852e-06,5.555555555555554e-07,7.407407407407406e-07,3.703703703703703e-07,3.703703703703703e-07,1.8518518518518516e-07,0.0,2.7777777777777788e-06,0.0,0.0,9995.676645009997,0.0,0.00011218000000000003,Connection
WTU,0.0,0.0,0.0,0.0,0.0,0.0,0.0,0.0,0.0,0.0,0.0,0.0,0.0,0.0,104.74497213427178,0.0,0.0,0.0,0.0,0.0,0.0,0.0,0.0,0.0,0.0,0.0,0.0,0.0,0.0,0.0,0.0,0.0,0.0,0.0,0.0,0.0,0.0,0.0,0.0,0.0,0.0,0.0,0.0,10000.0,0.0,0.0,Connection
BRK,0.09799329194401774,3.6258145677590035,0.4357284550661817,0.004324707074586107,0.5479824583973374,0.15230196663253118,0.11530979390681005,0.9285107689025432,0.033031804915514586,0.940376753947655,68.34829081856826,0.0,0.0006377661540453532,4.4802867383512533e-07,3.020484417106604,0.00014091696535244925,9.321385902031064e-05,0.0,0.00048030167264038245,0.002063608124253286,0.0007042409114183307,0.0,0.478972824714115,0.0037585357996245093,2.3138539382014702,8.203749070388321,0.2684549746117085,52.83052585102642,1.0268622066993898,2.3498830219423703,0.40708035125742303,0.4357069102574289,1.8902647515684683,11.404468256020804,2.525367685376462,1.7121611650658286,1.0549388849015071,2.0202305569680594,0.8772715357525409,0.08154437877771302,4.018628094517129,0.7087918990015362,0.2079837263184844,2581.41793175573,0.0,4.103967319999999,Interconnection
CST,0.000915505316018386,0.032185192578761825,0.0012489143948890892,1.9531063321385905e-05,0.004459193290899353,0.0004915626269046739,0.0013068185255810398,0.011693276928803904,0.000186520126713397,0.0023765468833683518,70.61535140222676,0.0,5.465949820788529e-07,0.0,0.014461822454108332,2.6881720430107534e-07,2.6881720430107534e-07,0.0,1.2544802867383517e-06,9.587813620071682e-06,0.0005753409284860898,1.0912698412698407e-05,1.11506383406607,3.274022870797064e-06,0.010898887645590927,0.02127458782097686,0.0005945818399044205,0.09592225164203612,0.0017562209627393164,0.0037817329292982814,0.0006266626866418303,0.0006751058863169541,0.0031306861018415523,0.018023159521749616,0.0040196367657185225,0.002803039010128832,0.0019738306010205343,0.003685923836596807,0.0014953098092530795,0.00015050995079777063,0.007374392490774581,0.005281723416965352,0.05855341434633424,9610.183861035988,0.0,2.34904213,Interconnection
HWA,0.00013135902031063322,0.005153724611708483,0.0003037724014336918,3.92174432497013e-06,0.0007216278375149343,0.00032066308243727614,0.0009645101553166068,0.0012016457586618878,2.3948626045400242e-05,0.03756362934124335,70.0630412411424,0.0,1.8518518518518518e-07,0.0,0.6858941899803428,0.0,0.0,0.0,0.0,9.259259259259256e-08,0.07074595996580563,0.0,0.19450637608806964,0.0019713112305854248,0.5284023255851592,0.616579422646268,5.7804659498207887e-05,0.5102110404049768,0.0012616041486425249,0.003237061137889836,0.0006472461170848267,0.0006121953405017921,0.0026263592263008283,0.018141450067976763,0.003246523709471429,0.001523525316194949,0.0018229123923701235,0.0032805918098298523,0.0010947254150702427,0.00014247909199522097,0.005933467226959997,0.0009877897252090805,16.23717150421397,6531.959581256616,0.0,1.34546379,Interconnection
HUI,0.0006065170368604738,0.021328891699183686,0.0008262851801825662,1.2658303464755074e-05,0.0029554554296072648,0.00032427729811489544,0.0008679530975039872,0.007762781912295263,0.00012306083037590267,0.001566865542843018,20.797341916598988,0.0,2.7479091995221023e-07,0.0,0.0090841816965941,2.6881720430107534e-07,1.7921146953405023e-07,0.0,8.064516129032256e-07,6.451612903225805e-06,0.0003311477552954193,2.8769841269841265e-06,0.3261618016196715,0.0,0.006856727934036053,0.01361224321115172,0.00039527777777777776,0.06352768861345058,0.0011709583178840688,0.0025222022853140765,0.0004168443994208732,0.00044795408331420566,0.0020857910023482887,0.012020918738339487,0.0026754597333309795,0.0018635903428853933,0.0013149111593716712,0.0024534874654966424,0.0009964905524068482,0.00010066893844424433,0.004890683637316006,0.00349559620919187,0.03165577901813302,9516.571825767625,0.0,1.30089784,Interconnection
KPA,0.0004895464095909035,0.016517753779920076,0.0005897950986104491,1.0809438470728797e-05,0.002240172722778396,0.00044453020993343565,0.0004768560746508466,0.005566634944176656,6.453724302723189e-05,0.002501074466926802,20.50699504824585,0.0,0.0,0.0,0.0718310311869155,0.0,0.0,0.0,9.259259259259256e-08,1.7921146953405023e-07,0.009082668249848451,0.00044828084997439833,1.095269939895004,0.010689046125618707,0.05510534473930469,0.0657542680726969,0.00018422043010752687,0.07675285405300424,0.0004079136283112924,0.0010938065958060394,0.00020761102871503316,0.0002193410373666213,0.0009321440489432703,0.0059141658427058885,0.0012717590532690642,0.0008803540971449757,0.0006638923907222018,0.0012983504305195072,0.0004417409261319161,6.066730523627076e-05,0.00303043257940922,0.002830331232233346,1.0752783564263055,7983.753525535162,,,
MKT,0.001368382690055382,0.047001655933106165,0.001731066028685606,2.762246117084828e-05,0.006431021247888602,0.0007665052365650253,0.0017409161855324255,0.016996205800389616,0.0002393102639028668,0.004950709069748279,17.389843193517486,0.0,7.258064516129034e-07,0.0,0.0597905638540177,3.614097968936679e-07,2.6881720430107534e-07,0.0,1.3470728793309438e-06,9.946236559139779e-06,0.003665579376850233,2.767857142857144e-05,4.0546874577499405,0.02491058478409285,0.045694433394541836,0.05423070778966637,0.0007981332138590203,0.1411400890466185,0.00201690095844295,0.004405453531554756,0.0007371742632907816,0.0007831609268970228,0.0036470959281623898,0.02123956205748892,0.004690503476820217,0.0032026976990895233,0.002317495254868725,0.004349939277033271,0.0017328946404294011,0.00017861236912265833,0.008685226508289635,0.00769995097433362,0.3586392719717971,6426.235066130031,,,
MNI,0.0009193496080300863,0.032350070735561565,0.0012568960735326142,1.9895459976105146e-05,0.004483765243274421,0.0004939431525916512,0.001315582996392229,0.011750673131816068,0.0001870697085533015,0.00238132585588926,13.226562521143427,0.0,5.465949820788529e-07,0.0,0.013784836267222251,2.6881720430107534e-07,2.6881720430107534e-07,0.0,1.2544802867383517e-06,9.677419354838707e-06,0.0005079892708535643,4.563492063492064e-06,10.560500567002727,0.0,0.010401311870626387,0.02059176651305684,0.0005969295101553168,0.09588242321715487,0.001759145530601315,0.003786708195761311,0.0006276354753370884,0.0006760814558798429,0.0031356040441760684,0.018039475791738018,0.00402594431790761,0.002812259844859956,0.0019751596571146073,0.003689202634026049,0.001498340609201288,0.00015106890519154146,0.007390699233716475,0.005308274626127796,0.04886244440471777,4937.445736508175,0.0,1.9135443,Interconnection
MKE,0.0006760460182095332,0.02326043232927827,0.000851692077028562,1.3405017921146954e-05,0.003179603924996027,0.0003749141903702527,0.0008574558151032012,0.008409222607718158,0.00011509125365632595,0.002448999991171848,8.37677016196715,0.0,0.0,0.0,0.02954063743665802,1.7921146953405023e-07,1.7921146953405023e-07,0.0,7.168458781362006e-07,5.017921146953407e-06,0.0018069384707287927,1.369047619047619e-05,0.9213508666890312,4.856164816337671,0.022578091236000027,0.026805461771162543,0.00039549581839904417,0.06986718567367621,0.0009996962233169134,0.002176991719194166,0.0003622558427647415,0.0003810789177863705,0.0017988357434186128,0.0105167603186374,0.002321850174503123,0.0015869239925608116,0.0011456727786900204,0.002150634847066993,0.0008549953210798593,8.741158606564612e-05,0.004305022658921436,0.003813578182107104,0.1769142009493205,4467.441038740519,0.0,0.0,Connection
NPL,0.001797018954040645,0.06312354468663008,0.0024439276518294865,3.869772998805258e-05,0.00874925040168088,0.0009571487646473744,0.002564578220362425,0.022884810283030525,0.0003661435987075587,0.004348953819941028,80.91775047880216,0.0,9.080047789725209e-07,0.0,0.0137641244607471,5.376344086021508e-07,5.376344086021508e-07,0.0,2.5089605734767034e-06,1.9086021505376334e-05,0.0001345811336523239,1.2599206349206352e-05,2.038500413378181,6.458440006827103e-06,0.01029452278692963,0.030899570252955963,0.0011747281959378734,0.1801446544440913,0.003436306934218503,0.007397243144940588,0.0012251701773281305,0.0013220423412845551,0.0061280575713167475,0.035248653317030684,0.00786626680291447,0.005501678967224017,0.0038579484553678102,0.007204605440495318,0.002929595781026538,0.000294274399538582,0.0144271917209598,0.010352069024371588,0.02108601912913231,9413.24778390958,0.0,2.24357776,Interconnection
OPK,0.0,0.0,0.0,0.0,0.0,0.0,0.0,0.0,0.0,0.0,11.541447122228698,0.0,0.0,0.0,2.6881720430107534e-07,0.0,0.0,0.0,0.0,0.0,0.0,0.0,0.0,0.0,2.6881720430107534e-07,2.6881720430107534e-07,0.0,5.376344086021508e-07,0.0,0.0,0.0,0.0,0.0,0.0,0.0,0.0,0.0,0.0,0.0,0.0,0.0,0.0,1.845878136200717e-05,9999.965684023111,0.0,0.0,Connection
SFD,1.0659887962521557,38.244820249351136,1.3721201652703472,0.032486217571257886,5.51794711426129,0.3572264922371123,1.2547269944779915,10.50720204070072,0.2289409762611013,1.4274769399273737,185.98173415520475,0.0,0.0008824037584382414,6.272401433691754e-07,4.709548171027774,0.00020961768219832742,0.00013896057347670252,0.0,0.0007161618876941457,0.003079414575866189,0.05031394989877054,0.00025902777777777784,5.581852335200487,0.04729172384365934,3.6087771883074082,12.185001688428063,0.40132130205666494,77.19335826220052,1.4635496638387155,3.3521238228175334,0.5784722277398169,0.6125060410670878,2.69397670147901,16.270751407133734,3.5897624956815632,2.4239191680203165,1.4821680997625228,2.8356470853858786,1.247529338205001,0.11323946400615617,5.553291582843372,6.713958427404642,5.102341911265309,2624.309940004765,0.0,5.98712081,Interconnection
WVY,1.0752688172043013e-06,4.0101553166069294e-05,7.538231780167265e-05,8.960573476702512e-08,6.9086021505376345e-06,1.0902031063321386e-06,0.000549799880525687,2.1215651135005976e-05,0.0,0.026653648343838838,22.65763911001936,0.0,1.8518518518518518e-07,0.0,0.5211030761398616,0.0,0.0,0.0,0.0,0.0,0.0003410742020822666,0.0,0.003353579749103943,6.043906810035844e-05,0.4010753463798695,0.4646642706770016,9.259259259259256e-08,0.3776011817142505,0.0008039458451777694,0.001981705701808594,0.000400863201911589,0.000385773596176822,0.0015942773863964071,0.011060485312899104,0.0019831246652659337,0.0008445199398508629,0.0011201644831706009,0.001977990256663783,0.0006630049849627157,8.592592592592593e-05,0.0034552651093807947,1.354241338112306e-05,0.14358453938385388,8480.648481312264,0.0,0.863577,Interconnection
RPO,0.08587301328342484,5.489992006484277,1.7606517077102126,0.0055418038487796565,0.4669394728048801,0.05625621010411334,0.2320119564286597,0.8348274761566348,0.1704337827303706,0.4689325172737492,24.365240593347398,0.0,0.0004112432170371547,8.619474313022699e-05,6.163238883415437,0.1159653189390328,0.1384313596382812,2.1057347670250894e-05,0.38964470048289984,2.061782144026873,0.0001631656426011265,0.0,0.0811122791858679,0.0005293853473288957,1.5734627119639106,5.270947330962974,38.658422919697664,31.862837903130174,0.5962160031648923,1.3967172612941483,0.24575137146064704,0.2881408637316007,1.1303520995918452,6.788309376239622,1.5435735662052483,1.10514372703945,0.661750370877989,1.2516462716142571,0.5178636878498155,0.05270517924089672,2.630069561674936,0.024525034135518008,0.053853700503498886,1705.3446102539122,0.0,0.0,Connection
TKU,0.5496136472844606,34.63439697638764,0.4773887885275233,0.02892317007139032,2.7796525334881204,0.10018423554831647,1.52235802235435,5.316133194929992,1.0555511103827886,10.892175651421924,43.506706833261255,0.0,0.0007053887402816767,0.0004497916409178923,3.6371535143545737,0.003830949820788532,0.00018136798088410992,8.960573476702512e-08,0.0,0.0,0.00023245967741935484,0.0,0.1151269627922854,0.0007133634152585765,2.8092579457186413,9.270022039633984,0.002945995903737839,58.35363341931218,1.074287694712232,2.5130942089535107,0.4378407523350459,0.5068721388844748,2.034246780814662,12.167783848970931,2.7549284070851807,1.9836088039252904,1.1722714393270597,2.216723274773264,0.9349800554040056,0.0923992782103572,4.642694001021122,0.03023359745690391,0.07617684139784946,1614.2731862046426,0.0,0.00982936,Connection
BPE,0.1944556037719748,9.760865289298515,2.40529203760351,0.011209761904761906,1.0702457927974056,0.16512860065710874,0.5969161309523809,1.8332465002560163,0.272648835338795,9.673903301059084,182.1328890831597,0.0,0.001659323778331009,0.00020177120669056148,19.091898825694038,0.007149461725550436,0.007353447473971669,4.56989247311828e-06,0.019306798728451955,0.09597601574500768,0.0012390787677077995,0.0,0.4831519862604541,0.0038336170848267616,14.465147396725344,30.76987650074892,2.7147161277521747,128.89576796725194,2.454293322489421,5.671197855678856,0.991103947228255,1.1187299159486437,4.579705800889879,27.512052272969374,6.197367047976591,4.344434199043913,2.6272372139605444,5.005766087039684,2.1139030882123584,0.2075622490818723,10.340967302197917,0.7052113671274961,0.4225917101894521,2289.9733879273613,0.0,10.59034292,Interconnection
DVK,0.0,0.0,0.0,0.0,0.0,0.0,0.0,0.0,0.0,0.0,0.0,0.0,0.0,0.0,12.055259327853992,0.0,0.0,0.0,0.0,0.0,0.0,0.0,0.0,0.0,16.300484106782374,0.0,0.0,0.0,0.0,0.0,0.0,0.0,0.0,0.0,0.0,0.0,0.0,0.0,0.0,0.0,0.0,0.0,0.0,5112.069983761263,0.0,1.1723021999999998,Interconnection
LTN,0.06270787847755589,3.0469113792882747,0.12795807497013142,0.003634839776412357,0.3425677487625875,0.03118831647892132,0.13752011968766,0.5429980679296809,0.0781686881293736,0.8425334438470728,41.9839600544844,0.0,0.0008989832838956865,8.029868578255677e-05,0.5201428695169824,0.002724046338965694,0.0028424103942652325,2.060931899641577e-06,0.007069014336917563,0.035883630312339994,0.00020567566990954087,0.0,0.09792576335552143,0.0008593911076975594,0.328374948583376,8.394560583246525,0.7973530425413893,90.9778147473898,1.282225817111606,2.9689941776062168,0.5214906222816651,0.6017741505332204,2.3998627929621983,14.407893391643274,3.2685353035486227,2.307196032150656,1.394047996487867,2.6466779206540485,1.1042117212172844,0.11101294713114512,5.537479952018997,0.23486367895545315,0.05936973993002216,2968.144592986826,0.0,1.36306891,Interconnection
MHO,6.663978494623657e-05,0.0048015501792114685,0.0014189102088740574,6.45758661887694e-06,0.000539889486260454,0.0002453763440860215,0.024026300989930017,0.004282429168800137,0.0040015945553848785,0.5684097481254893,4.132461990946732,0.0,1.842891278375149e-06,0.0,0.8159565141088572,3.703703703703703e-07,0.0,0.0,0.0,4.629629629629629e-07,4.589392387779485e-05,0.0,0.0011097049411162316,1.3237753882915172e-05,0.6288262883436034,36.77898978070872,0.0005520878136200715,0.4258817793359465,0.004161139655466686,0.01172336518088882,0.0023596141803650145,0.0030299715954234864,0.009256719767996186,0.06026992412939715,0.014190527820447175,0.0070472999320232346,0.0069331569027314315,0.012862180921188151,0.004002615383936296,0.0006273934000741566,0.030553152164956944,0.000430952807646356,0.027019157066052225,7218.553271995082,0.0,0.27504007999999996,Interconnection
MTN,8.960573476702513e-07,3.938172043010753e-05,7.364396654719234e-05,0.0,6.541218637992832e-06,1.179808841099164e-06,0.0005397998805256872,2.08452807646356e-05,0.0,0.026131069184749663,29.98675268208797,0.0,0.0,0.0,0.5102909621875571,0.0,0.0,0.0,0.0,0.0,0.00034019371906468684,0.0,0.0033472200887523468,6.016427718040623e-05,0.3927292283680868,0.4556421224788272,9.259259259259256e-08,0.3697064158368205,0.0007892562724014336,0.0019445225147282984,0.0003931511350059738,0.0003755316606929511,0.0015628703703703705,0.010856132843076668,0.001946407016026037,0.0008291075474807398,0.0010979181600955794,0.001939695340501792,0.0006504330943847073,8.427718040621267e-05,0.003393649219297161,1.3632019115890085e-05,0.14349432155657962,8835.771099904365,0.0,0.0,Connection
MTR,0.0,0.004615564516129032,5.144038643760558e-05,0.0,0.0,8.518518518518517e-06,0.1605570150622973,0.023223301971326164,0.02330372994538317,5.47604474108504,11.679267221015706,0.0,9.259259259259256e-08,0.0,0.28252105050585313,0.0,0.0,0.0,0.0,0.0,0.0,0.0,0.0,0.0,0.2127325834995968,0.2961484555296596,0.0,0.25900454872698064,0.0004039171095455857,0.001061778210357187,0.00021920673175956822,0.000262619783298315,0.0008369581427924032,0.005488712355291887,0.00125357423886623,0.0005985792856260043,0.0007723983438388332,0.0014085757837926914,0.00037977629464837473,7.608155151814774e-05,0.003678752729370082,0.0,1.8881208397337434e-07,4905.666235354061,0.0,0.8442312000000001,Interconnection
NPK,0.0,0.0,0.0,0.0,0.0,0.0,0.0,0.0,0.0,3.953659685747244,0.0,0.0,0.0,0.0,0.0,0.0,0.0,0.0,0.0,0.0,0.0,0.0,0.0,0.0,0.0,0.0,0.0,0.0,0.0,0.0,0.0,0.0,0.0,0.0,0.0,0.0,0.0,0.0,0.0,0.0,0.0,0.0,0.0,10000.0,0.0,0.044185010000000004,Connection
OKN,0.0,0.00458968936678614,5.144038643760558e-05,0.0,0.0,8.518518518518517e-06,0.1596468049155146,0.023090339861751158,0.02316672512374126,5.453470037453432,8.798549786321956,0.0,9.259259259259256e-08,0.0,0.28192887531560645,0.0,0.0,0.0,0.0,0.0,0.0,0.0,0.0,0.0,0.2122901668961986,0.2955003721139303,0.0,0.25861726592892753,0.0004041022947307708,0.0010630565855065301,0.00021920673175956822,0.00026298716681085984,0.0008379617270217937,0.0054949646726815795,0.0012544971779343305,0.0005986748650764224,0.0007735903061014296,0.001410221542454579,0.00038041548222304616,7.608155151814774e-05,0.003682140238124665,0.0,1.8881208397337434e-07,4457.0953808040495,0.0,0.39970978,Interconnection
RTR,0.0,0.004585878136200715,5.162557162279076e-05,0.0,0.0,8.518518518518517e-06,0.15949831541218634,0.02306703639699608,0.02314199095408773,6.471428633129992,3.521672761283848,0.0,9.259259259259256e-08,0.0,0.2826130925749363,0.0,0.0,0.0,0.0,0.0,0.0,0.0,0.0,0.0,0.21280905421073396,0.2961857882214807,0.0,0.2591491160298626,0.00040510587896016144,0.0010648875293536027,0.00021938893008692788,0.00026325897087298644,0.0008407096362213159,0.005507058460017303,0.0012568717299056564,0.000599678449305813,0.0007749642607011906,0.0014128830387673548,0.0003808724714703581,7.626673670333292e-05,0.003688827606805916,0.0,1.8881208397337434e-07,4297.310005232967,,,
TMN,0.3128510632331044,11.014161401314514,2.396041499851393,0.01001220371988865,1.6293301159283389,0.0901006093116396,0.3470870211537217,6.364303690498263,0.0572288101344233,0.0042167656228849215,6.463717491127709,0.0,7.022418354314907e-05,0.0,0.12100706465443675,0.0,0.0,0.0,0.0,0.0,0.0006903673173014105,0.0,0.2317371298282631,0.000980739247311828,0.09060741853087796,0.4301361166360624,0.0,2.6224360277071534,0.08935223617070111,0.20145104954211324,0.037296369643519255,0.04699006549752517,0.16458778818028266,0.9756931247682612,0.22972042846696214,0.16633221674876847,0.11539026588184405,0.22361999082607956,0.0793323508778125,0.010353135899088348,0.5401765310221233,2.0202265007194944,0.16189233341278667,1621.1976060663144,0.0,1.01981016,Interconnection
TNG,0.006360672256357738,0.3375614499061273,2.65087426010529,0.0003445383171189623,0.033426909668885466,0.02366815732206861,0.014005742447516643,0.07750205047789724,0.008561415130568356,0.323967701546692,17.0908319832736,0.0,0.000355373850133305,1.1505376344086024e-05,1.7893146964072364,0.006568408644819938,0.007313420592251238,4.480286738351255e-06,0.01929445703191671,0.0959090354582693,0.0001187280252602833,0.0,0.057544823348694325,0.0003747360897764123,1.2167997352437454,4.1756635606582275,63.792599604395825,25.34894504222063,0.4958802079250313,1.1539331624938938,0.2030875816971826,0.2376864022488244,0.9338261379928317,5.599498201242121,1.2752737729458359,0.912550153183137,0.5484038281070679,1.0409632021470063,0.42975355450794817,0.04393440265050527,2.1999746350662996,0.01654952871650452,0.038019745903737835,2904.279449608205,0.0,4.84e-06,Connection
WDV,0.0,4.497311827956989e-05,0.0,0.0,0.0,0.0,0.0026597670250896053,0.00033951911589008365,0.0004241935483870968,0.018598965693804405,20.84181183332009,0.0,0.0,0.0,10.302209690602727,0.0,0.0,0.0,0.0,0.0,2.156511350059737e-06,0.0,0.00010916965352449224,2.4551971326164875e-06,9.458800566178764,0.04132361214106208,0.0,2.026756888113483,9.259259259259256e-08,1.8518518518518518e-07,0.0,0.0,9.259259259259256e-08,6.481481481481481e-07,1.8518518518518516e-07,1.8518518518518516e-07,1.8518518518518516e-07,1.8518518518518516e-07,0.0,0.0,1.0185185185185188e-06,9.259259259259256e-08,0.0016976875320020483,3478.603479436243,0.0,2.63574713,Interconnection
WGN,1.0752688172043013e-06,3.9922341696535245e-05,7.465651135005973e-05,8.960573476702512e-08,6.9086021505376345e-06,1.0902031063321386e-06,0.0005437813620071685,2.1030465949820787e-05,0.0,0.026339851113229874,41.09356707838222,0.0,1.8518518518518518e-07,0.0,0.5147676737895134,0.0,0.0,0.0,0.0,0.0,0.00034153780508619215,0.0,0.0033500462962962967,6.0349462365591385e-05,0.3961826433471053,0.459427778513457,9.259259259259256e-08,0.3732313659283389,0.000797700325464508,0.001965086824867136,0.00039782556750298686,0.0003824701314217444,0.0015804094055122974,0.01096628857166399,0.0019671539364726244,0.000837641206278581,0.0011100898117249619,0.0019614848803196964,0.0006573180076628349,8.537634408602148e-05,0.0034267884068718327,1.354241338112306e-05,0.14359837237583206,9121.233641797342,0.0,1.2287505699999999,Interconnection
WPW,0.0,0.0,0.0,0.0,0.0,0.0,0.0,0.0,0.0,0.0,0.0,0.0,0.0,0.0,27.417172584706112,0.0,0.0,0.0,0.0,0.0,0.0,0.0,0.0,0.0,0.0,0.0,0.0,0.0,0.0,0.0,0.0,0.0,0.0,0.0,0.0,0.0,0.0,0.0,0.0,0.0,0.0,0.0,0.0,10000.0,0.0,1.00268257,Interconnection
TWT,0.06337546381635091,3.1508489140638334,0.17348214327648004,0.0037209065113500603,0.35040399620242363,0.039027021249359965,0.14573383107185525,0.565090871949138,0.08172595408772827,1.0349248126224906,17.188375916832932,0.0,0.0005944155984603704,6.757765830346475e-05,0.5450249156764425,0.002385140168970813,0.002476980286738351,1.4336917562724019e-06,0.0064971714456391865,0.03216800904591227,0.00022583760027308417,0.0,0.1211703012459464,0.0010367310974569038,0.35464788447334206,5.003848661210871,0.8606285733486944,28.740516569821853,0.902217094662794,2.0867654933833006,0.3627727409423169,0.40590547536651533,1.6840276995456442,10.115879412493896,2.273614491395496,1.5925085529703786,0.9459263564969308,1.8029495400091808,0.7745291552342108,0.07373080463448511,3.6573998616775842,0.2329994216163168,0.0736488541133299,1774.4041158694376,,,
CPK,0.0,0.0,0.0,0.0,0.0,0.0,0.0,0.0,0.0,0.0,0.0,0.0,0.0,0.0,0.0,0.0,0.0,0.0,0.0,0.0,0.0,0.0,0.0,0.0,0.0,0.0,0.0,213.02513154598583,0.0,0.0,0.0,0.0,0.0,0.0,0.0,0.0,0.0,0.0,0.0,0.0,0.0,0.0,0.0,10000.0,0.0,0.0,Connection
GFD,0.0,0.0,0.0,0.0,0.0,0.0,0.0,0.0,0.0,0.0,0.0,0.0,0.0,0.0,0.0,0.0,0.0,0.0,0.0,0.0,0.0,0.0,0.0,0.0,0.0,0.0,0.0,61.7535731927156,0.0,0.0,0.0,0.0,0.0,0.0,0.0,0.0,0.0,0.0,0.0,0.0,0.0,0.0,0.0,10000.0,0.0,0.01287202,Connection
GYT,0.0,4.0866188769414574e-05,0.0,0.0,0.0,0.0,0.0023199820788530464,0.00029435185185185185,0.0003631481481481482,0.01593205837173579,20.957909462240526,0.0,0.0,0.0,0.1254439603601297,0.0,0.0,0.0,0.0,0.0,1.7921146953405013e-06,0.0,9.41816009557945e-05,1.8160095579450418e-06,0.0941479657364738,0.0506729837017615,0.0,2.6769188745431434,0.0,1.8518518518518516e-07,0.0,0.0,0.0,3.703703703703703e-07,1.8518518518518516e-07,1.8518518518518516e-07,0.0,0.0,0.0,0.0,1.1111111111111112e-06,1.8518518518518516e-07,0.0014494845536781019,7798.7556138974,0.0,0.7672811600000001,Interconnection
HAY,0.268908972734255,13.13961920122888,0.6018509937702681,0.015385497525174943,1.4640883817630996,0.14433178550093875,0.6057144073220686,2.3905671498975942,0.3396059700887524,4.094034269713262,83.12538112129292,0.0,0.0038168683531378204,0.0003292682198327359,3.060482565284178,0.011216128605564092,0.011617616487455198,8.064516129032257e-06,0.02913846304830175,0.14818427995391706,0.0009645419440177504,0.0,0.44720203767707795,0.003815328554360813,2.0452839680406214,70.57629668040916,3.507787727641235,478.3341917454063,5.555884266741117,12.884014822046542,2.2514995769549944,2.577128175839116,10.404738642576113,62.474895508656,14.133164926579205,9.95088580411951,5.943958655796269,11.282937785487695,4.775034454125983,0.4675476887605864,23.224724516298238,0.9930024699180746,0.2782236004437617,3559.8259319982703,0.0,33.73043219000001,Interconnection
KWA,0.0,0.0,0.0,0.0,0.0,0.0,0.0,0.0,0.0,0.0,0.0,0.0,0.0,0.0,0.0,0.0,0.0,0.0,0.0,0.0,0.0,0.0,0.0,0.0,0.0,0.0,0.0,39.93261096897788,0.0,0.0,0.0,0.0,0.0,0.0,0.0,0.0,0.0,0.0,0.0,0.0,0.0,0.0,0.0,10000.0,0.0,0.23445865999999999,Connection
MGM,0.0,4.2786738351254465e-05,0.0,0.0,0.0,0.0,0.0024835961768219826,0.0003166726403823178,0.0003928972520908005,0.017221576207543946,32.23781768341955,0.0,0.0,0.0,0.12932662293053426,0.0,0.0,0.0,0.0,0.0,1.7980884109916366e-06,0.0,0.00010139784946236559,2.272998805256869e-06,0.09709615378050862,0.04625432405053235,0.0,2.3629686587169165,9.259259259259256e-08,1.8518518518518518e-07,0.0,0.0,9.259259259259256e-08,6.481481481481481e-07,1.8518518518518516e-07,1.8518518518518516e-07,1.8518518518518516e-07,1.8518518518518516e-07,0.0,0.0,1.0185185185185188e-06,9.259259259259256e-08,0.0015697198754053591,8580.821860798063,0.0,0.69013682,Interconnection
MLG,0.0,0.0,0.0,0.0,0.0,0.0,0.0,0.0,0.0,0.0,0.0,0.0,0.0,0.0,0.0,0.0,0.0,0.0,0.0,0.0,0.0,0.0,0.0,0.0,0.0,0.0,0.0,73.41807651039366,0.0,0.0,0.0,0.0,0.0,0.0,0.0,0.0,0.0,0.0,0.0,0.0,0.0,0.0,0.0,10000.0,0.0,0.09131852,Connection
MST,0.0,4.0689964157706096e-05,0.0,0.0,0.0,0.0,0.002312043010752689,0.00029363500597371576,0.0003633273596176821,0.01587738927291347,56.439938876897315,0.0,0.0,0.0,0.12497714029697905,0.0,0.0,0.0,0.0,0.0,1.7084826762246112e-06,0.0,9.363500597371564e-05,2.0011947431302268e-06,0.09379678635432667,0.05085415485901442,0.0,2.6807826371821126,9.259259259259256e-08,1.8518518518518518e-07,0.0,0.0,9.259259259259256e-08,6.481481481481481e-07,1.8518518518518516e-07,1.8518518518518516e-07,1.8518518518518516e-07,1.8518518518518516e-07,0.0,0.0,1.0185185185185188e-06,9.259259259259256e-08,0.0014448137480798776,9045.34079846927,0.0,1.84549601,Interconnection
PRM,0.0,0.0,0.0,0.0,0.0,0.0,0.0,0.0,0.0,0.0,0.0,0.0,0.0,0.0,0.0,0.0,0.0,0.0,0.0,0.0,0.0,0.0,0.0,0.0,0.0,65.15479288924054,0.0,0.0,0.0,0.0,0.0,0.0,0.0,0.0,0.0,0.0,0.0,0.0,0.0,0.0,0.0,0.0,0.0,10000.0,0.0,1.39170532,Interconnection
PNI,0.0,0.0,0.0,0.0,0.0,0.0,0.0,0.0,0.0,0.0,0.0,0.0,0.0,0.0,0.0,0.0,0.0,0.0,0.0,0.0,0.0,0.0,0.0,0.0,0.0,32.65278964543938,0.0,18.282524872683343,0.0,0.0,0.0,0.0,0.0,0.0,0.0,0.0,0.0,0.0,0.0,0.0,0.0,0.0,0.0,5397.98028631867,0.0,0.50008133,Interconnection
TKR,0.0,0.0,0.0,0.0,0.0,0.0,0.0,0.0,0.0,0.0,0.003220497098480969,0.0,0.0,0.0,0.0,0.0,0.0,0.0,0.0,0.0,0.0,0.0,0.0,0.0,0.0,32.6770549952843,0.0,112.13789174492821,1.8518518518518518e-07,2.777777777777778e-07,0.0,9.259259259259256e-08,1.8518518518518516e-07,1.3888888888888883e-06,3.7037037037037036e-07,2.777777777777777e-07,1.8518518518518516e-07,4.629629629629628e-07,9.259259259259256e-08,0.0,1.8518518518518525e-06,0.0,0.0,6505.101810776551,0.0,2.8728143599999996,Interconnection
UHT,0.0,4.087216248506569e-05,0.0,0.0,0.0,0.0,0.0023209856630824373,0.000294626642771804,0.000364047192353644,0.01593826570233828,13.732429488599912,0.0,0.0,0.0,0.1255069881805769,0.0,0.0,0.0,0.0,0.0,1.7084826762246112e-06,0.0,9.39038231780167e-05,2.0011947431302268e-06,0.09419614695340503,0.05074487271277315,0.0,32.69870802375949,9.259259259259256e-08,1.8518518518518518e-07,0.0,0.0,9.259259259259256e-08,7.407407407407406e-07,1.8518518518518516e-07,1.8518518518518516e-07,1.8518518518518516e-07,2.7777777777777765e-07,9.259259259259256e-08,0.0,1.1111111111111112e-06,9.259259259259256e-08,0.0014492163765147635,5761.974498101165,0.0,0.72323603,Interconnection
WIL,0.022436313790749268,1.0796100172811065,0.04145759429936849,0.0013205103259941971,0.1230189247311828,0.010142256357740229,0.04834144393241169,0.18792178998122544,0.027478696876600102,0.2645898924731183,3.2357992230932657,0.0,0.00016882801142951306,2.9943249701314216e-05,0.15153407087386925,0.0010229409882232456,0.0010724462365591396,8.064516129032259e-07,0.002636896654719235,0.013397255717699265,6.748421232292199e-05,0.0,0.03339135582010582,0.0003030301672640382,0.0903427120669056,9.834068186969944,0.2742934735023042,230.91763035649552,0.1942849108136024,0.440549932935478,0.081780906158224,0.10101512187262746,0.35985457285726064,2.1559289679744102,0.5025725342679404,0.3634899631130416,0.24835446851587,0.47429586095809,0.17167423003807875,0.02209019557297644,1.1418120413701878,0.08568270097286228,0.0200391745605052,8366.74797973759,0.0,8.5036457,Interconnection
MHT,1.8160095579450413e-06,0.00018302867383512543,1.1045400238948627e-05,2.7479091995221023e-07,2.4740143369175625e-05,3.148148148148148e-06,7.76284348864994e-06,2.0486857825567504e-05,3.760454002389486e-06,4.127538829151731e-05,0.002125476830517153,0.0,0.0,0.0,1.5053763440860214e-05,0.0,0.0,0.0,0.0,0.0,0.0,0.0,1.4474313022700119e-05,0.0,1.039426523297491e-05,1.4459725642027297,3.850358422939068e-05,47.33871238582993,1.5322367298173748e-05,3.0785116914149176e-05,6.4289981225465086e-06,1.1876600102406555e-05,3.508235193719065e-05,0.00016413551800648573,5.9924475166410644e-05,9.683691756272402e-05,1.5591397849462367e-06,3.390083632019116e-06,7.864396654719237e-06,1.8518518518518516e-07,7.807646356033456e-06,1.649641577060932e-05,8.354241338112306e-06,9423.62632708265,,,
RFC,0.0,0.0,0.0,0.0,0.0,0.0,0.0,0.0,0.0,0.0,0.0,0.0,0.0,0.0,0.0,0.0,0.0,0.0,0.0,0.0,0.0,0.0,0.0,0.0,0.0,0.0,0.0,0.0,0.0,0.0,0.004912759856630825,6.550981480959148,0.0,2.7060931899641573e-05,0.0,0.0,0.0,0.0,0.0,0.0,0.0,0.0,0.0,9984.941494156263,,,
COB,0.0,0.0,0.0,0.0,0.0,0.0,0.0,0.0,0.0,0.0,0.0,0.0,1.7920860038490743e-05,0.0,0.0,0.0,0.0,0.0,0.0,0.0,0.0,0.0,0.0,0.0,0.0,0.0,0.0,0.0,10.718925690508565,18.721053553772272,0.01851160503881444,0.01943182144622773,0.0,0.0,0.0,0.0,0.0,0.0,0.0,0.0,0.0,0.0,0.0,5355.595602189384,0.0,0.0,Connection
ARG,0.0,0.0,0.0,0.0,0.0,0.0,0.0,0.0,0.0,0.0,0.0,0.0,0.01108895302540742,0.0,0.0,0.0,0.0,0.0,0.0,0.0,0.0,0.0,0.0,0.0,0.0,0.0,0.0,0.0,16.08659025770109,0.001650027396695917,0.01733442075557203,0.01491720152020764,0.0,0.0,0.0,0.0,0.0,0.0,0.0,0.0,0.0,0.0,0.0,9944.323178335759,0.0,0.01872734,Interconnection
BLN,0.0,0.0,0.0,0.0,0.0,0.0,0.0,0.0,0.0,0.0,0.0,0.0,0.0,0.0,0.0,0.0,0.0,0.0,0.0,0.0,0.0,0.0,0.0,0.0,0.0,0.0,0.0,0.0,90.88731761127147,0.0,0.0,0.0,0.0,0.0,0.0,0.0,0.0,0.0,0.0,0.0,0.0,0.0,0.0,10000.0,0.0,3.43997171,Interconnection
IGH,0.0,0.0,0.0,0.0,0.0,0.0,0.0,0.0,0.0,0.0,0.0,0.0,0.0,0.0,0.0,0.0,0.0,0.0,0.0,0.0,0.0,0.0,0.0,0.0,0.0,0.0,0.0,0.0,0.0,0.0,13.50658851826103,12.161555799918778,0.0,4.928315412186379e-05,0.0,0.0,0.0,0.0,0.0,0.0,0.0,0.0,0.0,5013.709995471995,0.0,2.2661758000000005,Interconnection
KIK,0.0,0.0,0.0,0.0,0.0,0.0,0.0,0.0,0.0,0.0,0.0,0.0,0.02139393576637181,0.0,0.0,0.0,0.0,0.0,0.0,0.0,0.0,0.0,0.0,0.0,0.0,0.0,0.0,0.0,45.026393358522995,86.52052567394104,27.00774068306349,24.261742415293888,0.0,9.79390681003584e-05,0.0,0.0,0.0,0.0,0.0,0.0,0.0,0.0,0.0,3240.002029440589,0.0,7.96356713,Interconnection
MCH,0.0,0.0,0.0,0.0,0.0,0.0,0.0,0.0,0.0,0.0,0.0,0.0,0.0,0.0,0.0,0.0,0.0,0.0,0.0,0.0,0.0,0.0,0.0,0.0,0.0,0.0,0.0,0.0,0.0,2.8865247582337226,6.1273925121239925,5.515720141220991,0.0,2.24910394265233e-05,0.0,0.0,0.0,0.0,0.0,0.0,0.0,0.0,0.0,3614.2184325510084,0.0,1.7334234,Interconnection
MOT,0.0,0.0,0.0,0.0,0.0,0.0,0.0,0.0,0.0,0.0,0.0,0.0,1.1452848844395007e-05,0.0,0.0,0.0,0.0,0.0,0.0,0.0,0.0,0.0,0.0,0.0,0.0,0.0,0.0,0.0,7.208962300358717,24.320048050678004,0.012459194593051656,0.013074863479998351,0.0,0.0,0.0,0.0,0.0,0.0,0.0,0.0,0.0,0.0,0.0,6462.194092870071,0.0,0.0,Connection
MPI,0.0,0.0,0.0,0.0,0.0,0.0,0.0,0.0,0.0,0.0,0.0,0.0,0.0,0.0,0.0,0.0,0.0,0.0,0.0,0.0,0.0,0.0,0.0,0.0,0.0,0.0,0.0,0.0,0.0,4.133240621737262,0.0,0.0,0.0,0.0,0.0,0.0,0.0,0.0,0.0,0.0,0.0,0.0,0.0,10000.0,0.0,0.0,Connection
STK,0.0,0.0,0.0,0.0,0.0,0.0,0.0,0.0,0.0,0.0,0.0,0.0,3.304449829616682e-05,0.0,0.0,0.0,0.0,0.0,0.0,0.0,0.0,0.0,0.0,0.0,0.0,0.0,0.0,0.0,60.71300524987347,161.4953261851131,0.03155732769655878,0.034436757677548835,0.0,0.0,0.0,0.0,0.0,0.0,0.0,0.0,0.0,0.0,0.0,6024.951940229308,0.0,5.846411850000001,Interconnection
UTK,0.0,0.0,0.0,0.0,0.0,0.0,0.0,0.0,0.0,0.0,0.0,0.0,5.182816297944219e-06,0.0,0.0,0.0,0.0,0.0,0.0,0.0,0.0,0.0,0.0,0.0,0.0,0.0,0.0,0.0,3.2053538025716404,8.554627312703415,0.005866303689872933,0.006142438386861356,0.0,0.0,0.0,0.0,0.0,0.0,0.0,0.0,0.0,0.0,0.0,6022.232180815978,0.0,0.0,Connection
WMG,0.0,0.0,0.0,0.0,0.0,0.0,0.0,0.0,0.0,0.0,0.0,0.0,0.0,0.0,0.0,0.0,0.0,0.0,0.0,0.0,0.0,0.0,0.0,0.0,0.0,0.0,0.0,0.0,0.0,0.0,13.461277214534373,0.0,0.0,0.0,0.0,0.0,0.0,0.0,0.0,0.0,0.0,0.0,0.0,10000.0,0.0,0.52920407,Interconnection
WPT,0.0,0.0,0.0,0.0,0.0,0.0,0.0,0.0,0.0,0.0,0.0,0.0,0.0,0.0,0.0,0.0,0.0,0.0,0.0,0.0,0.0,0.0,0.0,0.0,0.0,0.0,0.0,0.0,0.0,0.0,12.698584645505589,0.0,0.0,0.0,0.0,0.0,0.0,0.0,0.0,0.0,0.0,0.0,0.0,10000.0,0.0,0.04876362,Connection
ORO,0.0,0.0,0.0,0.0,0.0,0.0,0.0,0.0,0.0,0.0,0.0,0.0,0.0,0.0,0.0,0.0,0.0,0.0,0.0,0.0,0.0,0.0,0.0,0.0,0.0,0.0,0.0,0.0,0.0,0.0,6.985428062779924,0.0,0.0,0.0,0.0,0.0,0.0,0.0,0.0,0.0,0.0,0.0,0.0,10000.0,0.0,0.0,
RFN,0.0,0.0,0.0,0.0,0.0,0.0,0.0,0.0,0.0,0.0,0.0,0.0,0.0,0.0,0.0,0.0,0.0,0.0,0.0,0.0,0.0,0.0,0.0,0.0,0.0,0.0,0.0,0.0,0.0,0.0,0.0006734562211981567,9.825012512999454,0.0,2.204301075268817e-05,0.0,0.0,0.0,0.0,0.0,0.0,0.0,0.0,0.0,9998.584424629837,0.0,0.0,Connection
CUL,0.0,0.0,0.0,0.0,0.0,0.0,0.0,0.0,0.0,0.0,0.0,0.0,0.006907150272789873,0.0,0.0,0.0,0.0,0.0,0.0,0.0,0.0,0.0,0.0,0.0,0.0,0.0,0.0,0.0,21.299783222716602,53.456823407261744,8.684490701102343,7.801076428041738,28.11640886979801,3.073476702508961e-05,0.0,0.0,0.0,0.0,0.0,0.0,0.0,0.0,0.0,2974.5118475705717,0.0,0.0,Connection
ATU,0.0,0.0,0.0,0.0,0.0,0.0,0.0,0.0,0.0,0.0,0.0,0.0,0.0,0.0,0.0,0.0,0.0,0.0,0.0,0.0,0.0,0.0,0.0,0.0,0.0,0.0,0.0,0.0,0.0,0.0,0.000678229860044376,2.676209592941305,0.0,2.204301075268817e-05,0.0,0.0,0.0,0.0,0.0,0.0,0.0,0.0,0.0,9994.769377370498,0.0,0.0,Connection
ADD,0.0,0.0,0.0,0.0,0.0,0.0,0.0,0.0,0.0,0.0,0.0,0.0,0.0,0.0,0.0,0.0,0.0,0.0,0.0,0.0,0.0,0.0,0.0,0.0,0.0,0.0,0.0,0.0,0.0,0.0,0.0,0.0,0.0,111.80931165346121,0.0,0.0,0.0,0.0,0.0,0.0,0.0,0.0,0.0,10000.0,0.0,0.0,Connection
ASY,0.0,0.0,0.0,0.0,0.0,0.0,0.0,0.0,0.0,0.0,0.0,0.0,0.0,0.0,0.0,0.0,0.0,0.0,0.0,0.0,0.0,0.0,0.0,0.0,0.0,0.0,0.0,0.0,0.0,0.0,0.0,0.0,20.884942944306143,0.0,0.0,0.0,0.0,0.0,0.0,0.0,0.0,0.0,0.0,10000.0,0.0,0.0,Connection
ISL,0.0,0.0,0.0,0.0,0.0,0.0,0.0,0.0,0.0,0.0,0.0,0.0,0.01557172789725209,0.0,0.0,0.0,0.0,0.0,0.0,0.0,0.0,0.0,0.0,0.0,0.0,0.0,0.0,0.0,33.34643091326489,83.75407210869956,13.613577245925805,14.979620146017618,95.21949564693428,578.651337497771,0.0,0.0,0.0,0.0,0.0,0.0,0.0,0.0,0.0,5246.903541716849,0.0,20.51766013,Interconnection
KAI,0.0,0.0,0.0,0.0,0.0,0.0,0.0,0.0,0.0,0.0,0.0,0.0,0.0,0.0,0.0,0.0,0.0,0.0,0.0,0.0,0.0,0.0,0.0,0.0,0.0,0.0,0.0,0.0,0.0,0.0,0.0,0.0,27.23834355563354,0.0,0.0,0.0,0.0,0.0,0.0,0.0,0.0,0.0,0.0,10000.0,0.0,0.0,Connection
SBK,0.0,0.0,0.0,0.0,0.0,0.0,0.0,0.0,0.0,0.0,0.0,0.0,0.0,0.0,0.0,0.0,0.0,0.0,0.0,0.0,0.0,0.0,0.0,0.0,0.0,0.0,0.0,0.0,0.0,0.0,0.0,0.0,68.19969332886777,0.0,0.0,0.0,0.0,0.0,0.0,0.0,0.0,0.0,0.0,10000.0,0.0,1.22988559,Interconnection
SPN,0.0,0.0,0.0,0.0,0.0,0.0,0.0,0.0,0.0,0.0,0.0,0.0,0.0,0.0,0.0,0.0,0.0,0.0,0.0,0.0,0.0,0.0,0.0,0.0,0.0,0.0,0.0,0.0,0.0,0.0,0.0,0.0,0.0,65.53233944009656,0.0,0.0,0.0,0.0,0.0,0.0,0.0,0.0,0.0,10000.0,,,
WPR,0.0,0.0,0.0,0.0,0.0,0.0,0.0,0.0,0.0,0.0,0.0,0.0,0.006901216247035212,0.0,0.0,0.0,0.0,0.0,0.0,0.0,0.0,0.0,0.0,0.0,0.0,0.0,0.0,0.0,21.284589428428713,53.41930652267216,8.678507170923307,7.7956923723449325,80.61507063426588,3.073476702508961e-05,0.0,0.0,0.0,0.0,0.0,0.0,0.0,0.0,0.0,3368.2679431550605,0.0,2.4186375200000003,Interconnection
MLT,0.0,0.0,0.0,0.0,0.0,0.0,0.0,0.0,0.0,0.0,0.0,0.0,0.0,0.0,0.0,0.0,0.0,0.0,0.0,0.0,0.0,0.0,0.0,0.0,0.0,0.0,0.0,0.0,0.0,0.0,0.0,0.0,0.0,50.17216103569662,0.0,0.0,0.0,0.0,0.0,0.0,0.0,0.0,0.0,10000.0,,,
MLN,0.0,0.0,0.0,0.0,0.0,0.0,0.0,0.0,0.0,0.0,0.0,0.0,0.0,0.0,0.0,0.0,0.0,0.0,0.0,0.0,0.0,0.0,0.0,0.0,0.0,0.0,0.0,0.0,0.0,0.0,0.0,0.0,0.0,14.626982584308847,0.0,0.0,0.0,0.0,0.0,0.0,0.0,0.0,0.0,10000.0,0.0,0.0,
ABY,0.0,0.0,0.0,0.0,0.0,0.0,0.0,0.0,0.0,0.0,0.0,0.0,0.0,0.0,0.0,0.0,0.0,0.0,0.0,0.0,0.0,0.0,0.0,0.0,0.0,0.0,0.0,0.0,0.0,0.0,0.0,0.0,0.0,0.0,13.400196628573196,0.0,0.0,0.0,0.0,0.0,0.0,0.0,0.0,10000.0,0.0,0.0,Connection
ASB,0.0,0.0,0.0,0.0,0.0,0.0,0.0,0.0,0.0,0.0,0.0,0.0,0.0053301705378109715,0.0,0.0,0.0,0.0,0.0,0.0,0.0,0.0,0.0,0.0,0.0,0.0,0.0,0.0,0.0,13.323072556397172,33.42402540543285,5.4211839863001785,5.45312093903573,27.733123004264,197.65218171962826,0.0,125.9968467694705,0.0,0.0,0.0,0.0,0.0,0.0,0.0,3411.1484791636854,0.0,7.354183330000001,Interconnection
BRY,0.0,0.0,0.0,0.0,0.0,0.0,0.0,0.0,0.0,0.0,0.0,0.0,0.0012065736473800988,0.0,0.0,0.0,0.0,0.0,0.0,0.0,0.0,0.0,0.0,0.0,0.0,0.0,0.0,0.0,2.9037372718805727,7.0939833240269925,1.1497204586445258,1.2168576425084303,5.908559184757022,205.54057121483456,0.0,0.0,0.0,0.0,0.0,0.0,0.0,0.0,0.0,8452.958270964895,0.0,0.64530214,Connection
OPI,0.0,0.0,0.0,0.0,0.0,0.0,0.0,0.0,0.0,0.0,0.0,0.0,0.005291082625609878,0.0,0.0,0.0,0.0,0.0,0.0,0.0,0.0,0.0,0.0,0.0,0.0,0.0,0.0,0.0,13.258171372284613,33.18787749288598,5.382344422918469,5.426705592898634,27.581053749801363,195.50720977204983,61.633390921217575,56.36001756062733,0.0,0.0,0.0,0.0,0.0,0.0,0.0,2980.5657089161627,,,
TIM,0.0,0.0,0.0,0.0,0.0,0.0,0.0,0.0,0.0,0.0,0.0,0.0,0.0,0.0,0.0,0.0,0.0,0.0,0.0,0.0,0.0,0.0,0.0,0.0,0.0,0.0,0.0,0.0,0.0,0.0,0.0,0.0,0.0,0.0,177.07327154355073,0.0,0.0,0.0,0.0,0.0,0.0,0.0,0.0,10000.0,0.0,3.9691106400000002,Interconnection
TKA,0.0,0.0,0.0,0.0,0.0,0.0,0.0,0.0,0.0,0.0,0.0,0.0,0.0,0.0,0.0,0.0,0.0,0.0,0.0,0.0,0.0,0.0,0.0,0.0,0.0,0.0,0.0,0.0,0.0,0.0,0.0,0.0,0.0,0.0,21.983194342008467,0.0,0.0,0.0,0.0,0.0,0.0,0.0,0.0,10000.0,0.0,0.0,Connection
TMK,0.0,0.0,0.0,0.0,0.0,0.0,0.0,0.0,0.0,0.0,0.0,0.0,0.0,0.0,0.0,0.0,0.0,0.0,0.0,0.0,0.0,0.0,0.0,0.0,0.0,0.0,0.0,0.0,0.0,0.0,0.0,0.0,0.0,0.0,64.16127687577615,0.0,0.0,0.0,0.0,0.0,0.0,0.0,0.0,10000.0,0.0,0.0,Connection
APS,0.0,0.0,0.0,0.0,0.0,0.0,0.0,0.0,0.0,0.0,0.0,0.0,0.0,0.0,0.0,0.0,0.0,0.0,0.0,0.0,0.0,0.0,0.0,0.0,0.0,0.0,0.0,0.0,0.0,0.0,0.0016999684246458446,5.9113580241861925,0.0,0.30491934675359456,0.0,0.0,0.0,0.0,0.0,0.0,0.0,0.0,0.0,9062.12992000644,0.0,1.28183215,Interconnection
CLH,0.0,0.0,0.0,0.0,0.0,0.0,0.0,0.0,0.0,0.0,0.0,0.0,0.0,0.0,0.0,0.0,0.0,0.0,0.0,0.0,0.0,0.0,0.0,0.0,0.0,0.0,0.0,0.0,0.0,0.0,0.0017007718894009214,5.910772712949722,0.0,0.6190241558742519,0.0,0.0,0.0,0.0,0.0,0.0,0.0,0.0,0.0,8279.429400864396,0.0,1.06095963,Interconnection
COL,0.0,0.0,0.0,0.0,0.0,0.0,0.0,0.0,0.0,0.0,0.0,0.0,0.003512936338730277,0.0,0.0,0.0,0.0,0.0,0.0,0.0,0.0,0.0,0.0,0.0,0.0,0.0,0.0,0.0,0.0,0.0,0.005169821641918415,17.219798909605615,0.2916773888462195,21.564917465474572,0.0,0.0,0.0,0.0,0.0,0.0,0.0,0.0,0.0,4985.7993751080685,0.0,1.06718714,Interconnection
DOB,0.0,0.0,0.0,0.0,0.0,0.0,0.0,0.0,0.0,0.0,0.0,0.0,0.0,0.0,0.0,0.0,0.0,0.0,0.0,0.0,0.0,0.0,0.0,0.0,0.0,0.0,0.0,0.0,0.0,0.0,0.011142144350571771,15.13776705609849,0.0,9.578853046594981e-05,0.0,0.0,0.0,0.0,0.0,0.0,0.0,0.0,0.0,9985.174383735532,0.0,2.4144746599999998,Interconnection
GYM,0.0,0.0,0.0,0.0,0.0,0.0,0.0,0.0,0.0,0.0,0.0,0.0,0.0,0.0,0.0,0.0,0.0,0.0,0.0,0.0,0.0,0.0,0.0,0.0,0.0,0.0,0.0,0.0,0.0,0.0,0.0,7.040359610126772,0.0,0.0,0.0,0.0,0.0,0.0,0.0,0.0,0.0,0.0,0.0,10000.0,0.0,0.31290909,Interconnection
HKK,0.0,0.0,0.0,0.0,0.0,0.0,0.0,0.0,0.0,0.0,0.0,0.0,0.0,0.0,0.0,0.0,0.0,0.0,0.0,0.0,0.0,0.0,0.0,0.0,0.0,0.0,0.0,0.0,0.0,0.0,0.0,8.115598346421068,0.0,0.0,0.0,0.0,0.0,0.0,0.0,0.0,0.0,0.0,0.0,10000.0,0.0,0.70491972,
HOR,0.0,0.0,0.0,0.0,0.0,0.0,0.0,0.0,0.0,0.0,0.0,0.0,0.0023857045821047487,0.0,0.0,0.0,0.0,0.0,0.0,0.0,0.0,0.0,0.0,0.0,0.0,0.0,0.0,0.0,0.0,0.0,0.0,1.3787837499264315,0.19777461256187068,35.33602306584771,0.0,0.0,0.0,0.0,0.0,0.0,0.0,0.0,0.0,9177.083074712782,0.0,1.42039651,Interconnection
KBT,0.0,0.0,0.0,0.0,0.0,0.0,0.0,0.0,0.0,0.0,0.0,0.0,0.002407420061090807,0.0,0.0,0.0,0.0,0.0,0.0,0.0,0.0,0.0,0.0,0.0,0.0,0.0,0.0,0.0,0.0,0.0,0.0,1.3918851976917326,0.19920942737668546,14.038437993030175,0.0,0.0,0.0,0.0,0.0,0.0,0.0,0.0,0.0,8146.045677877928,,,
KBY,0.0,0.0,0.0,0.0,0.0,0.0,0.0,0.0,0.0,0.0,0.0,0.0,0.0,0.0,0.0,0.0,0.0,0.0,0.0,0.0,0.0,0.0,0.0,0.0,0.0,0.0,0.0,0.0,0.0,0.0,0.0,0.0,0.0,1.5186544474313022,0.0,0.0,0.0,0.0,0.0,0.0,0.0,0.0,0.0,10000.0,0.0,0.0,Connection
KUM,0.0,0.0,0.0,0.0,0.0,0.0,0.0,0.0,0.0,0.0,0.0,0.0,0.0,0.0,0.0,0.0,0.0,0.0,0.0,0.0,0.0,0.0,0.0,0.0,0.0,0.0,0.0,0.0,0.0,0.0,0.0010892925413893157,2.5715403491533797,0.0,8.351851851851852e-05,0.0,0.0,0.0,0.0,0.0,0.0,0.0,0.0,0.0,9990.886572231087,0.0,0.023440440000000003,
OTI,0.0,0.0,0.0,0.0,0.0,0.0,0.0,0.0,0.0,0.0,0.0,0.0,0.0,0.0,0.0,0.0,0.0,0.0,0.0,0.0,0.0,0.0,0.0,0.0,0.0,0.0,0.0,0.0,0.0,0.0,0.0035400569636456726,12.390402222884333,0.0,0.00022806152927120675,0.0,0.0,0.0,0.0,0.0,0.0,0.0,0.0,0.0,9993.921274385755,0.0,0.9524667399999999,Interconnection
AVI,0.040264333717357915,1.970311784434204,0.09222717571257896,0.0022676629970984816,0.21927336448199355,0.020266085082778638,0.09031495818399043,0.3650374033538146,0.05059075951527565,0.6262202818313707,10.177401565966885,0.0,0.0029045988782362532,4.358721624850657e-05,0.4487597256357741,0.0016190962621607785,0.0017136738351254484,8.960573476702507e-07,0.004102004181600956,0.02151588773681516,0.00016397124082607954,0.0,0.06575139507595154,0.000544968851339819,0.29910897956135857,4.374051596262161,0.5272452959122718,32.51729364247312,5.643750542033772,13.599524535815812,2.24207649854924,2.4882662848417705,11.205479359135078,48.184810628593794,7.329658250635626,0.3039666628264208,3.555847075211434,10.808817534422431,19.32005411958319,0.3718883520195867,18.123792826626886,0.15185762779484555,0.041278830645161295,1244.3382284181591,0.0,1.8309472699999998,Interconnection
BEN,0.31402129160266257,15.280023664874554,0.716580616572794,0.01781401903055129,1.700325174304489,0.18248774662911765,0.7100254330943848,2.8353076691841617,0.394408699863458,4.8857420681856985,82.9029953856504,0.0,0.007194744476520061,0.0003794026284348865,3.5655342330175803,0.01294363372589179,0.013297299880525687,9.13978494623656e-06,0.03482483102918587,0.17290152607100187,0.001194639230244069,0.0,0.5431653323946066,0.004375070617852877,2.3758734675285886,39.7784544038276,4.089046769499913,294.1675025237551,11.674639380499206,27.54146242423975,4.670117855296303,5.4361130449838475,22.44618901694122,134.34812419518894,30.875257301778568,23.20600129956271,11.335935408110714,21.226841908874352,9.146632047049634,0.8342413300566179,41.08424288342868,1.146837858636286,0.3419249174347159,1853.6334838169614,0.0,8.09597333,Interconnection
CML,0.004864883939238777,0.2449923783922171,0.009362527521761392,0.0002920391705069124,0.02751311038573135,0.021359328383683217,0.011001336832223927,0.041334083674688514,0.00620610428400751,0.06067274300221881,0.8420924914661204,0.0,0.0014832565872721602,2.3536439665471924e-06,0.03985514422256358,0.00019916965352449224,0.00022595579450418164,0.0,0.00047095280764635617,0.002964187574671446,4.2900665642601124e-05,0.0,0.005536480628093531,4.829749103942652e-05,0.025723064302782046,0.2722100484297662,0.06289237455197133,2.005728132787165,3.2705743899453243,8.81547582866177,1.3903229066099312,1.1259015938712031,7.5173760738342414,47.30084181121294,12.476899283507247,11.803987888696144,32.130665331342584,59.254847848535405,0.6293631562406201,0.5851768075566032,29.04925737359559,0.019604139998293225,0.003019736729817375,1682.4172384714288,0.0,1.48031812,Interconnection
FKN,0.0,0.0,0.0,0.0,0.0,0.0,0.0,0.0,0.0,0.0,0.0,0.0,0.0,0.0,0.0,0.0,0.0,0.0,0.0,0.0,0.0,0.0,0.0,0.0,0.0,0.0,0.0,0.0,0.0,0.0,0.0,0.0,0.0,0.0,0.0,0.0,0.0,52.51408177814415,0.0,0.0,0.0,0.0,0.0,10000.0,0.0,0.0,Connection
GNY,0.0,0.0,0.0,0.0,0.0,0.0,0.0,0.0,0.0,0.0,0.0,0.0,0.0,0.0,0.0,0.0,0.0,0.0,0.0,0.0,0.0,0.0,0.0,0.0,0.0,0.0,0.0,0.0,0.0,0.0,0.0,0.0,0.0,0.0,7.149833865214728,0.0,0.0,0.0,9.623458131117172,0.0,0.0,0.0,0.0,5108.742885974572,,,
LIV,0.0011764857484212324,0.06638250640040963,0.002548027180406213,8.75567502986858e-05,0.007480622119815669,0.0005112519201228879,0.002962742788871821,0.00987346603515958,0.0017186900494965008,0.014212700972862266,0.18905809971838197,0.0,0.004066568850751275,0.0,0.008075507552483359,5.412485065710873e-05,6.392771804062126e-05,0.0,0.00010151135005973718,0.0007868070489844682,2.2407407407407402e-05,0.0,0.0010471688854753374,1.2634408602150536e-05,0.0049530331541218645,0.06763831541218637,0.016788070489844684,0.4855775403225806,9.497900636362568,23.91880867902903,3.8863624444194316,3.8447720522435267,20.090349666317955,83.45436585148255,0.16640388312852025,8.760454002389486e-05,3.595469833868908,10.956965036585329,0.4366962224782387,0.3781390030074569,18.396495466957703,0.00513491679467486,0.00033553528759173914,2647.786138242877,0.0,1.10961848,Interconnection
NSY,0.0011758674688513398,0.06637295976275814,0.002546951911589009,8.764635603345282e-05,0.007480090459122717,0.0005111653012459464,0.0029623724185014505,0.009871306536951698,0.0017182390339648404,0.014208659114183309,0.1889750569636457,0.0,0.0012869242059077991,0.0,0.008072717187233316,5.421445639187576e-05,6.392771804062126e-05,0.0,0.0001016009557945042,0.0007871684587813621,2.276583034647551e-05,0.0,0.0010471688854753374,1.2544802867383513e-05,0.004951145459976105,0.06759041858678957,0.01678486559139785,0.4852050087472264,3.3600711356460153,9.07450828405018,1.4365682588752346,1.1491378552227345,7.806350573050009,31.357276173408433,0.16619008896569376,8.742234169653525e-05,3.6335935187097954,50.10146323083114,0.43609616082095937,0.38227349403511257,18.606136441269253,0.005133402457757295,0.00033544568185697217,2433.26206007402,0.0,0.73522841,Interconnection
OAM,0.0,0.0,0.0,0.0,0.0,0.0,0.0,0.0,0.0,0.0,0.0,0.0,0.0,0.0,0.0,0.0,0.0,0.0,0.0,0.0,0.0,0.0,0.0,0.0,0.0,0.0,0.0,0.0,0.0,0.0,0.0,0.0,0.0,0.0,0.0,0.0,0.0,0.0,47.58748272638322,0.0,0.0,0.0,0.0,10000.0,0.0,0.0,Connection
OHA,0.00410330943847073,0.1983379213603004,0.007359910607612222,0.00021781127325482162,0.02196502944188428,0.006805833333333333,0.00910075823519372,0.034498268689196095,0.005053477342549924,0.05135767451783582,0.7100735091312509,0.0,0.0024896672669809487,2.986857825567503e-06,0.03683236729817374,0.00017088112305854237,0.00018810931899641573,8.960573476702512e-08,0.00046895459976105137,0.002637777777777777,1.5341355180064858e-05,0.0,0.00488298664447858,3.4689366786140976e-05,0.02391168608124253,0.21300726361153785,0.05140303699436763,1.5773825452295611,6.360302379731153,15.76876042831247,2.5200311491383727,2.5655096060658233,13.164153671510382,82.41834420666555,21.478130334461866,20.13536966478774,3.216050604169242,4.987619424272119,1.084953494123394,0.17966944698253792,8.898801887620579,0.01526604710701485,0.0029576689708141323,2391.9136106703268,0.0,0.0,Connection
OHB,0.01871036140979689,0.9097307844768732,0.03610223416965352,0.0010335607612220515,0.10078226745178358,0.015989079407748758,0.04171092037890425,0.16014346688854753,0.023149632189793486,0.24787181515617,3.5554410048643112,0.0,0.0029002477179229124,1.672640382317802e-05,0.17540797640382316,0.0007862037037037039,0.0008461021505376343,8.064516129032258e-07,0.0020747909199522107,0.011458548387096777,4.671125618706265e-05,0.0,0.023608083717357908,0.00019037911759685957,0.11503440646868067,1.1711006837770952,0.2391900501365421,8.699552464371052,6.3253584224608765,15.344084700004704,2.498289067894368,2.6988394233083794,12.767421631398204,80.40070992525496,20.77336010685006,19.024467227497038,4.135520740733384,6.435838340167794,1.0432851369614091,0.24210258039503035,12.020421133644964,0.06992708162655742,0.014465320660522274,2014.285250623109,0.0,1.7659355100000003,Interconnection
OHC,0.0248038236047107,1.2071018021420041,0.05066948498037208,0.0013732546082949307,0.1333141252773511,0.01835982462877624,0.0556276781447346,0.21595527671104287,0.031089949863457925,0.34911304126130743,5.245959792626729,0.0,0.002578910142662924,2.5310633213859026e-05,0.2506904360812425,0.0010423387096774193,0.0011042413381123057,8.960573476702507e-07,0.002773548387096773,0.014724632616487456,6.803870114353986e-05,0.0,0.03388867063492064,0.00027579855777436424,0.16579264379586955,1.9244949394094557,0.32214344875405365,14.319786544845538,5.500549734625776,13.311570915052586,2.1742783138157624,2.3753293423763018,11.069776648804377,69.79682245370371,17.99352838474996,16.3960508353491,3.7551118275597233,5.8462393510131765,0.9028706225612234,0.2205480550037961,10.947924618697435,0.0908878392217102,0.02114628648233487,1819.372869546528,0.0,1.1735707800000001,Interconnection
STU,0.0,0.0,0.0,0.0,0.0,0.0,0.0,0.0,0.0,0.0,0.0,0.0,0.0,0.0,0.0,0.0,0.0,0.0,0.0,0.0,0.0,0.0,0.0,0.0,0.0,0.0,0.0,0.0,0.0,0.0,0.0,0.0,0.0,0.0,14.201053468749814,0.0,0.0,0.0,0.0,0.0,0.0,0.0,0.0,10000.0,0.0,0.8492836899999999,Interconnection
TKB,4.3746159754224265e-05,0.002963391150366957,0.00010607910906298,4.778972520908005e-06,0.00041690774876258747,4.4417776071001894e-05,0.00013777436422597714,0.00037978643966547185,7.866615463389657e-05,0.0005843437446663253,0.009601334912101042,0.0,0.0054287362133705296,0.0,0.0003522875064004097,2.6881720430107534e-07,6.27240143369176e-07,0.0,2.156511350059737e-06,1.4035244922341696e-05,0.0,0.0,0.00012427504693633728,6.332138590203106e-07,0.0002366583461341526,0.002641327231609489,0.0005168089691073561,0.019063678955453148,13.776105828676483,34.893177369336016,5.692329923062662,5.6016558055393695,29.21496894713261,121.5702921031084,0.09159984852363884,0.08491988649940263,0.009030197132616487,0.013827290919952207,0.006124297661717018,0.0007074910394265232,0.029403894862604543,0.0003486653012459464,4.3672768390510336e-05,3840.7812442436384,0.0,0.0,Connection
TWZ,0.009189164959890769,0.4523881974313023,0.01731154911247653,0.0005273224953063663,0.05040717144563917,0.023322490826079536,0.020640443975081076,0.07794423621778461,0.011524522742788873,0.11678446407236732,1.6321632153524497,0.0,0.007956670139072808,6.600955794504182e-06,0.08083564174773852,0.0003887753882915173,0.0004275985663082437,2.688172043010752e-07,0.0009890382317801674,0.00572080943847073,5.1574074074074075e-05,0.0,0.010974080901177677,9.334122717187234e-05,0.0525015702338283,0.5145230963048303,0.11709133064516128,3.8071039780679303,18.30235298242904,45.32997930276734,7.350695620795594,7.552130274025814,37.8689581506936,238.54449106153362,61.749901733032296,56.555451122293434,9.958280104179543,15.506457390714846,6.1391648308673386,0.5884671016149632,29.21246073852633,0.03522969427376685,0.006399903993855607,2354.690252418957,0.0,5.09599825,Interconnection
WTK,0.005515719192694999,0.29467930854241337,0.012265544888206178,0.00039072217955282473,0.034663104412015706,0.0028721309097115557,0.01292929808841099,0.04531376642771803,0.007120237881891106,0.0694763888888889,0.9954188850486432,0.0,0.003565246401057024,0.0,0.04114710210786824,0.00017123357228195942,0.00019874253285543603,0.0,0.0003917234169653525,0.0028303763440860213,2.8927718040621264e-05,0.0,0.006661639144905274,7.190988223246288e-05,0.026513204898446836,0.36661893454514427,0.07255235151049667,2.6535695852534573,6.912970445909918,16.75633660606141,2.7677485142662923,3.0425756768911367,13.892523634196728,58.77420122336106,21.03968441573088,0.005766742191500257,3.9324442180832895,12.016697622409675,59.940699492984564,0.4137561829501916,20.11431010534927,0.02783173536439665,0.0029894431643625197,1709.7197300653427,0.0,3.26239961,Interconnection
BPT,0.0,0.0,0.0,0.0,0.0,0.0,0.0,0.0,0.0,0.0,0.0,0.0,0.0,0.0,0.0,0.0,0.0,0.0,0.0,0.0,0.0,0.0,0.0,0.0,0.0,0.0,0.0,0.0,0.0,0.0,0.0,0.0,0.0,0.0,0.0,0.0,0.0,0.0,1.7288924162502723,0.0,0.0,0.0,0.0,10000.0,0.0,0.0,
BPC,0.0,0.0,0.0,0.0,0.0,0.0,0.0,0.0,0.0,0.0,0.0,0.0,0.0,0.0,0.0,0.0,0.0,0.0,0.0,0.0,0.0,0.0,0.0,0.0,0.0,0.0,0.0,0.0,0.0,0.0,0.0,0.0,0.0,0.0,0.0,0.0,0.0,0.0,16.08857514345746,0.0,0.0,0.0,0.0,10000.0,,,
BPD,0.0,0.0,0.0,0.0,0.0,0.0,0.0,0.0,0.0,0.0,0.0,0.0,0.0,0.0,0.0,0.0,0.0,0.0,0.0,0.0,0.0,0.0,0.0,0.0,0.0,0.0,0.0,0.0,0.0,0.0,0.0,0.0,0.0,0.0,9.4843178709957,0.0,0.0,0.0,9.657354170072862,0.0,0.0,0.0,0.0,5000.408587144088,0.0,0.0,
BAL,0.0,0.0,0.0,0.0,0.0,0.0,0.0,0.0,0.0,0.0,0.0,0.0,0.0,0.0,0.0,0.0,0.0,0.0,0.0,0.0,0.0,0.0,0.0,0.0,0.0,0.0,0.0,0.0,6.451612903225808e-07,1.5621266427718045e-06,9.259259259259256e-08,0.0,1.197729988052569e-06,6.335125448028677e-06,0.0,0.0,1.2846475507765833e-05,34.955515148658705,0.0,0.0,2.010155316606929e-06,0.0,0.0,9999.98587385283,0.0,0.0,Connection
BDE,0.0,0.0,0.0,0.0,0.0,0.0,0.0,0.0,0.0,0.0,0.0,0.0,0.0,0.0,0.0,0.0,0.0,0.0,0.0,0.0,0.0,0.0,0.0,0.0,0.0,0.0,0.0,0.0,0.0,0.0,0.0,0.0,0.0,0.0,0.0,0.0,0.0,7.535607037816857,0.0,13.170119280660169,0.0020460991636798093,0.0,0.0,5369.1945699699545,0.0,0.0,Connection
BWK,0.0,0.0,0.0,0.0,0.0,0.0,0.0,0.0,0.0,0.0,0.0,0.0,0.04184795512062197,0.0,0.0,0.0,0.0,0.0,0.0,0.0,0.0,0.0,0.0,0.0,0.0,0.0,0.0,0.0,8.303464755077659e-07,2.386499402628435e-06,9.259259259259256e-08,0.0,1.657706093189964e-06,9.551971326164876e-06,0.0,0.0,7.011571655881609,21.615196959025607,0.0,9.318243080200812e-05,0.0017619616519825086,0.0,0.0,6282.027412490979,0.0,0.93265252,Interconnection
CYD,0.007188798003072195,0.3601293394777265,0.013720404719235364,0.0004220046082949309,0.04046307198327359,0.024694033964840417,0.016142016769073217,0.061012545016214365,0.00909227875917392,0.08897712386926096,1.2367518369175627,0.0,0.007946417985003914,3.4408602150537635e-06,0.0585124298088411,0.0002916188769414576,0.000330283751493429,8.960573476702512e-08,0.0006927777777777777,0.0043620908004778965,6.302334016043694e-05,0.0,0.008189607441542927,6.832138590203106e-05,0.037785305299539176,0.3987846317630995,0.09236833781362007,2.9391874054872833,5.789119835391763,15.440533243654029,2.4149269211601947,1.9893640616705213,13.118449665310076,77.65556803799487,18.216349616196126,17.246463566602515,54.03051724229154,60.965450589242316,0.9431077952575172,2.7688103501244776,103.20269355689156,0.029048748506571086,0.0044701967059225115,1698.0389902020715,0.0,3.7520867799999995,Interconnection
EDN,0.0,0.0,0.0,0.0,0.0,0.0,0.0,0.0,0.0,0.0,0.0,0.0,0.0,0.0,0.0,0.0,0.0,0.0,0.0,0.0,0.0,0.0,0.0,0.0,0.0,0.0,0.0,0.0,0.0,0.0,0.0,0.0,0.0,0.0,0.0,0.0,0.0,33.73103026913354,0.0,0.12141464755077658,0.002040005973715652,0.0,0.0,9927.32911043405,0.0,0.56752072,Interconnection
GOR,1.7921146953405023e-07,4.439068100358424e-05,2.613500597371565e-06,0.0,4.083034647550778e-06,6.30227001194743e-07,2.1654719235364397e-06,9.274193548387095e-06,1.1738351254480287e-06,3.231780167264038e-05,0.00041175029868578255,0.0,0.0019820061017238443,0.0,2.527180406212665e-05,0.0,0.0,0.0,0.0,0.0,0.0,0.0,9.050179211469534e-07,0.0,1.7718040621266427e-05,0.00013617383512544806,9.880525686977301e-06,0.0009512335722819591,0.0005660703618364907,0.001612446023212152,0.00031145715992490184,0.00014127794845536783,0.0017585733486943165,0.0076479569892473126,0.0006265817545656256,0.0006223911930363543,7.7774443537719735,75.31575200170235,0.0003297975337088241,13.013601704392302,28.297399414796573,1.6487455197132617e-06,9.259259259259256e-08,4329.93942326924,0.0,1.1293519499999998,Interconnection
HWB,0.0,0.0,0.0,0.0,0.0,0.0,0.0,0.0,0.0,0.0,0.0,0.0,0.0511731845422015,0.0,0.0,0.0,0.0,0.0,0.0,0.0,0.0,0.0,0.0,0.0,0.0,0.0,0.0,0.0,3.703703703703703e-07,1.3888888888888894e-06,9.259259259259256e-08,0.0,8.333333333333331e-07,6.296296296296296e-06,9.259259259259256e-08,1.8518518518518516e-07,150.67874495215875,19.10390439872933,0.0,0.0003444979798247317,0.006557179825026043,0.0,0.0,7997.346659859157,0.0,3.4733163199999995,Interconnection
INV,0.00014543608124253286,0.009641697815326849,0.0003593697729988053,1.4432497013142175e-05,0.001041400836320191,7.382616487455197e-05,0.0004507467144563918,0.0013433041047960401,0.0002729988052568697,0.002246255760368664,0.02834436081242533,0.0,0.00019161311657279396,0.0,0.0012951757979177332,9.554958183990443e-06,1.2240143369175626e-05,0.0,1.3369175627240144e-05,0.00012045698924731185,8.181003584229391e-05,0.0,0.00013109916367980883,1.4545997610513741e-06,0.0007697981737497867,0.010541943591056492,0.0024795861068441717,0.07455638654207201,0.12491305256869775,0.3540981856972179,0.06134902841781874,0.04369976937190647,0.3216581536951698,1.353385493898276,0.0703319260966035,0.05066544418842806,0.5243722612647209,129.52755596496843,0.04946261926096604,0.24550965651135004,308.24286293151266,0.0005567562724014336,4.533751493428914e-05,5745.5724751101025,0.0,4.1043877900000005,Interconnection
MAN,6.366487455197132e-05,0.00469102449223417,0.00016331242532855434,3.7843488649940263e-06,0.0004977359617682199,2.8769414575866192e-05,0.00021441158900836318,0.0006455555555555558,0.000128584229390681,0.0011014964157706091,0.01401844534050179,0.0,0.0010423148148148145,0.0,0.0006367951015531657,3.1362007168458774e-06,5.017921146953407e-06,0.0,5.122461170848269e-06,5.770609318996415e-05,1.3301228251040254,0.0,6.0277777777777797e-05,0.0,0.00038293010752688184,0.005222882317801675,0.0012195639187574676,0.036961321684587815,0.06171549432497015,0.17493322879330947,0.03032624701314217,0.02155944295101553,0.15906106182795698,0.6692179988052567,0.03482399193548387,0.02515778673835125,4.040072652329748,33.83476929273267,0.024422504480286742,1.3713098207885304,218.37581254032258,0.000270110513739546,2.1117084826762244e-05,7214.559312991185,0.0,0.0,Connection
NMA,7.070191158900838e-05,0.004769743130227003,0.00017714456391875746,6.538231780167264e-06,0.0005124044205495819,3.603643966547193e-05,0.00022267025089605738,0.0006672013142174433,0.0001348924731182796,0.001132871010411333,0.014326363287250385,0.0,0.0020683032514080897,0.0,0.0006595376770779998,4.686379928315413e-06,5.940860215053763e-06,0.0,6.594982078853047e-06,5.849761051373955e-05,0.0,0.0,6.57258064516129e-05,4.569892473118281e-07,0.0003940926352619901,0.005318694316436253,0.0012243883341867213,0.03760995946407236,0.06164575503498889,0.17474027436422598,0.030308252261478076,0.02146954173067077,0.15900097584912098,0.669674556238266,0.035135657535415594,0.02549645609318997,8.013114136158045,57.691364401186505,0.02458442823007339,2.7425436443932414,364.7358635335338,0.0002744623655913979,2.2347670250896056e-05,7228.192885780664,0.0,5.019987769999999,Interconnection
PAL,0.0,0.0,0.0,0.0,0.0,0.0,0.0,0.0,0.0,0.0,0.0,0.0,0.0,0.0,0.0,0.0,0.0,0.0,0.0,0.0,0.0,0.0,0.0,0.0,0.0,0.0,0.0,0.0,0.0,0.0,0.0,0.0,0.0,0.0,0.0,0.0,0.0,12.23393802400227,0.0,0.0,0.0,0.0,0.0,10000.0,,,
ROX,0.002009047192353644,0.11597555406212665,0.0045050851254480285,0.00015008960573476704,0.013106404036525006,0.0028433171189622803,0.005177055384877964,0.01709016769073221,0.00299116316777607,0.025412513014166242,0.33740096070148484,0.0,0.05236625054440265,0.0,0.014564238564601468,8.911887694145757e-05,0.00010640382317801674,0.0,0.00017120071684587816,0.001333942652329749,8.907407407407409e-05,0.0,0.0018570404505888374,1.897849462365591e-05,0.008996635091312509,0.11945087877624168,0.02915175627240144,0.8573187275985664,5.07220336256187,13.782091474227686,2.195822596646185,1.7395792223502304,11.897479380867043,48.47698215459125,0.7823640902884451,0.5123801096603515,118.65019262536708,84.65194211799118,0.7045367970216759,4.66855136617847,170.45059087052198,0.009029518049155149,0.0006038460061443929,2450.654670726036,0.0,6.268597469999999,Interconnection
SDN,0.0,0.0,0.0,0.0,0.0,0.0,0.0,0.0,0.0,0.0,0.0,0.0,2.784178187403994e-07,0.0,0.0,0.0,0.0,0.0,0.0,0.0,0.0,0.0,0.0,0.0,0.0,0.0,0.0,0.0,0.0,0.0,0.0,0.0,0.0,0.0,0.0,0.0,74.96861968398159,9.702722307561015e-05,0.0,0.0,0.0,0.0,0.0,9999.974041035015,0.0,0.0,Connection
TMH,1.7921146953405023e-07,4.439068100358424e-05,2.613500597371565e-06,0.0,4.083034647550778e-06,6.30227001194743e-07,2.1654719235364397e-06,9.36379928315412e-06,1.1738351254480287e-06,3.2586618876941464e-05,0.0004130047789725209,0.0,0.01448913640082161,0.0,2.536140979689366e-05,0.0,0.0,0.0,0.0,0.0,0.0,0.0,9.050179211469534e-07,0.0,1.7718040621266427e-05,0.00013671445639187575,9.970131421744326e-06,0.0009546445639187574,0.0005677788445127152,0.0016172249957330602,0.0003122695852534562,0.0001415467656596689,0.0017634359532343398,0.007670940860215053,0.0006282872503840245,0.0006240070831199861,78.261781844164,22.79367179039321,0.00033078319679126137,3.84642791200246,28.320701439076927,1.6487455197132617e-06,9.259259259259256e-08,4202.090598619187,0.0,3.7654444299999987,Interconnection
TWI,0.0,0.0,0.0,0.0,0.0,0.0,0.0,0.0,0.0,0.0,0.0,0.0,0.0,0.0,0.0,0.0,0.0,0.0,0.0,0.0,0.0,0.0,0.0,0.0,0.0,0.0,0.0,0.0,0.0,0.0,0.0,0.0,0.0,0.0,0.0,0.0,0.0,0.0,0.0,0.0,581.4683915941581,0.0,0.0,10000.0,0.0,4.43083954,Interconnection
WRU,2.7862264545997606,122.8925495562456,0.0,0.0,16.642450822717485,0.0,0.0,0.0,0.0,0.0,0.0,0.0,0.0,0.0,0.0,0.0,0.0,0.0,0.0,0.0,0.0,0.0,0.0,0.0,0.0,0.0,0.0,0.0,0.0,0.0,0.0,0.0,0.0,0.0,0.0,0.0,0.0,0.0,0.0,0.0,0.0,0.0,0.0,7596.6729461233235,,,
HOB,2.7874986177027967,122.94977505517595,0.0,0.0,16.650478754840776,0.0,0.0,0.0,0.0,0.0,0.0,0.0,0.0,0.0,0.0,0.0,0.0,0.0,0.0,0.0,0.0,0.0,0.0,0.0,0.0,0.0,0.0,0.0,0.0,0.0,0.0,0.0,0.0,0.0,0.0,0.0,0.0,0.0,0.0,0.0,0.0,0.0,0.0,7596.65044740645,0.0,0.0,Connection
