,MRPL,CTCT,COUP,WAIK,POCO,GENE,NAPJ,HAWK,TRUS,TUAR,SKOG,KRGL,KAPE,TODD,MERI,ELEC,EASH,WPOW,OTPO,DUNE,HHI
KOE,2.117649461357711,2.4897299290731616,1.7921146953405023e-07,0.05648437879978342,2.3297491039426526e-06,4.92705393283101,0.23149063326535657,0.03875614240690714,0.0021083162655743306,0.6132257646944577,5.3860300392558446e-05,0.00332211378309821,0.00017659220121122237,0.0003712474766201129,0.07247661823690049,1.4387694145758664e-05,0.0,0.0,0.0,0.0,3178.642908568235
MDN,30.723750613571216,39.17735214842623,3.2258064516129036e-06,0.9195336281200158,2.912186379928316e-05,75.06578438618601,3.659929243868849,0.6458789626922329,0.033152318890477955,9.522169791324576,0.0007757951442225634,0.05279973774505475,0.002236504861368599,0.004810827801025242,1.0525934837429594,0.0002552479091995221,0.0,0.0,0.0,0.0,3176.703698335716
HPI,22.96003305128126,30.39142914430937,2.4193548387096785e-06,0.725895263255469,2.275985663082437e-05,57.57923020943317,2.8627733814982554,0.5136726663517959,0.025800528386920207,7.367165236469388,0.0005797109148318828,0.04121191495106261,0.001648956453672805,0.003509544128985175,0.7804647868663593,0.00022314516129032255,0.0,0.0,0.0,0.0,3179.4449049371306
HEN,105.88398372255918,121.85179912178286,1.1021505376344084e-05,3.2751047007992424,7.634408602150538e-05,265.55928349723536,10.971128814791273,1.9407666634958893,0.10013276123235104,28.406170084117566,0.0021642057091653868,0.15738102703032764,0.00797182424916574,0.016514841784816756,3.227437658303465,0.0007950029868578254,0.0,0.0,0.0,0.0,3327.476203179815
SVL,8.989094508647176,20.579945534279712,6.272401433691759e-07,0.19911871970472778,8.870967741935481e-06,17.715215565568148,2.0821850550950205,0.3617492910553172,0.01728536666254686,5.486149668767767,0.0003596767793138761,0.027697807881773395,0.000511413401722078,0.001045937358381741,0.37676419333504013,8.817801672640383e-05,0.0,0.0,0.0,0.0,2735.630959968204
ALB,40.87721896528183,87.83770337411202,3.1362007168458786e-06,0.9471234750987282,4.220430107526882e-05,83.7797642113224,8.841351647870063,1.5399846761687002,0.07617175466126383,23.22474962594388,0.001520009600614439,0.12120189080606908,0.0023940359658880237,0.0051022824007862936,1.6451524931728962,0.00039871565113500595,0.0,0.0,0.0,0.0,2748.780576961693
SWN,84.2608917567653,49.72791734040911,5.734767025089605e-06,0.9122641851395731,2.8225806451612902e-05,72.97555519522723,4.1413138356845645,0.731004240528865,0.0370971733363349,10.742096607532766,0.0007980280337941629,0.05859911236617994,0.002237759135665143,0.0045950784675506595,1.0562934671018946,0.00025959080047789737,0.0,0.0,0.0,0.0,2978.7607845140265
BRB,13.517543800806012,18.48380882216278,1.4336917562724014e-06,0.45019905146665024,1.3530465949820785e-05,34.81244295219997,1.7522639740290504,0.31982533295372284,0.015752111539276446,4.458500968852811,0.00034208183990442053,0.02526671832606482,0.0009559448770238536,0.0020166409399626868,0.45295029761904765,0.00014837514934289126,0.0,0.0,0.0,0.0,3188.337516628025
MPE,3.14971225106085,4.011672285218438,2.6881720430107534e-07,0.09483545149372319,3.2258064516129028e-06,7.799194543827356,0.36928357782162424,0.06691855771550988,0.0033389435866424196,0.9612545389571598,7.706285202252944e-05,0.005384770747626699,0.0002154392740905533,0.000496775120504264,0.10828549197815326,2.79599761051374e-05,0.0,0.0,0.0,0.0,3202.150579685028
HEP,25.08193553174897,28.452554688609037,2.777777777777777e-06,0.7728835178196234,1.6935483870967748e-05,63.31883248483765,2.4905581099001832,0.4411635265447793,0.02286817900989341,6.438604061817658,0.00045210978835978844,0.035573360362189624,0.001921809108886417,0.003964978459311052,0.7273684769158559,0.00018133811230585428,0.0,0.0,0.0,0.0,3366.140732135325
KEN,10.547792239598966,13.455813854554737,1.2544802867383513e-06,0.33094221998575724,9.050179211469534e-06,26.278556841405205,1.2575623850206874,0.22203424113947892,0.011330381766042223,3.249713459590609,0.0002502775644307902,0.018055089679302697,0.0007453799489144315,0.0015736405309250139,0.35202339925755255,8.677718040621265e-05,0.0,0.0,0.0,0.0,3205.027755854652
MTO,5.431816344527429,6.3350762727104195,6.272401433691759e-07,0.18587565991901642,5.286738351254482e-06,14.224784268830447,0.5762234225932988,0.10260954783680869,0.0053092844783445454,1.4897666083787982,0.00013104625362689879,0.008528167113959663,0.0004046778313352284,0.0008813976434721709,0.19199182027649775,5.107825567502987e-05,0.0,0.0,0.0,0.0,3368.279737097485
WEL,9.740598594153703,10.898531388160567,1.0752688172043011e-06,0.3238169910350125,7.974910394265232e-06,25.393468682700064,0.9763336665739711,0.17299808490180155,0.008967902696117377,2.522949171617788,0.00020971411503669567,0.01422969745190129,0.0007512971202570757,0.0015788028291281904,0.3250821213090971,7.844683393070489e-05,0.0,0.0,0.0,0.0,3412.1714172440315
WRD,0.004466592296849525,0.011371114245104792,0.0,0.00011837722395842529,0.0,0.009722066420066976,0.0011929760580539222,0.00021880991371953554,3.7103174603174604e-06,0.0030380177857819678,0.0,1.1709108003601885e-05,0.0,0.0,0.00016282386072708654,0.0,0.0,0.0,0.0,0.0,2771.062535050902
PEN,116.9702852875991,323.97436672580056,1.2724014336917564e-05,2.487855534353279,0.0001540322580645161,232.83858425822933,32.25457169820523,5.637133221267309,0.2825597585132805,84.74697744604529,0.005628380269670593,0.45280582616046045,0.006256707555720348,0.014239673343691701,5.448355259003243,0.0014116845878136203,0.0,0.0,9.259259259259256e-08,0.0,2794.507235578596
OTA,158.14282232235556,768.8010473011093,5.2777777777777784e-05,6.333058930749039,0.00020940860215053767,530.1156994249344,37.663590481119535,6.606471813037413,0.3307348742062021,98.79349220205727,0.006705897977470557,0.5271722228769768,0.015397994891443167,0.032667242916880015,8.048228590416453,0.0021955256869773,0.0,0.0,9.259259259259256e-08,0.0,3481.0749784788486
BOB,13.142170157405934,11.455354977054162,1.1648745519713259e-06,0.08501300465390704,9.946236559139786e-06,9.287952993537791,1.5195360784616654,0.2639377659995527,0.013730022570639924,3.957929217730164,0.0002236885560675883,0.021277935720759693,0.00016536202776747826,0.0004167407422120992,0.2636042848608978,0.009585723032940774,0.0,0.0,0.0,0.0,2549.3913433053717
DRY,0.004843826804915514,11.654030980704608,3.2942432472220755,2.2802494448711386,2.688172043010752e-07,179.64979670763663,0.001805482377538829,0.00039545293565454854,0.0009990770609318998,0.0028580177931387613,3.5842293906810047e-07,6.296594982078851e-05,0.005675787191529683,0.01188446267457669,1.2285155414746545,0.0003146594982078853,0.0,0.0,0.0,0.0,8260.134637716736
GLN,0.004732233316265573,6.8711661246328966,84.16438453053362,1.6117702412513022,0.0,120.34057714630748,0.0017417968083290663,0.0003909937702679638,0.000687485065710872,0.00280492020822666,0.0,7.146057347670251e-05,0.003265170559881349,0.0068292585309367845,0.8256091833077317,0.0002926702508960573,0.0,0.0,0.0,0.0,4727.377779991654
MNG,16.68308530284237,57.48547996103843,7.526881720430108e-06,0.648415614056771,2.8584229390681e-05,53.137088919250374,4.473320738526347,0.7861881214503474,0.039795543012224044,11.698024467765478,0.000798350614439324,0.06313834522191031,0.0016404451448111073,0.0034681692253591594,0.9041785511606075,0.00023659498207885305,0.0,0.0,0.0,0.0,3083.097988048765
ROS,13.030428561585182,37.27839742930859,4.838709677419354e-06,0.479706158841982,1.460573476702509e-05,38.9237872070378,2.9511472925237325,0.5121706575133451,0.02635937692380129,7.754617831732494,0.0005181980713432326,0.041260453384418895,0.0012279140402916822,0.0024729523176839643,0.6071538255248335,0.0001444295101553166,0.0,0.0,0.0,0.0,3045.4234089484135
PAK,73.46900796791408,119.96892369174891,4.390681003584228e-06,0.5871001470843558,9.363799283154123e-05,69.85540780194484,20.22067967580086,3.5240163607859407,0.1730437910582599,53.264774508043914,0.0033825648574842123,0.27748258165304196,0.001460155419602027,0.0034970593134052534,2.7422023745519715,0.0006891726403823178,0.0,0.0,9.259259259259256e-08,0.0,2359.511824712468
BHL,66.30630360485048,79.72681212306736,1.0752688172043016e-06,0.11243702553837007,9.919354838709676e-05,24.70935321689002,18.31799311293118,3.2051845412083386,0.1591300677854877,47.88774035973245,0.0032166871479774707,0.255121713919346,0.0003414972397313888,0.001034033435151344,2.4550494081754564,0.0006288829151732376,0.0,0.0,1.8518518518518513e-07,0.0,2369.633961980325
TAK,8.566334375717288,37.406907174307435,2.8942652329749105e-05,3.1635084890692773,8.781362007168456e-06,254.54138683254024,2.267650654276357,0.3920196614404011,0.021212524755607344,5.985494497516347,0.0004102331882573819,0.031755446520531326,0.008209405409302517,0.017028489047207065,2.0253944427376687,0.0004790770609318996,0.0,0.0,0.0,0.0,6708.067002878895
WIR,12.376156435803155,38.470879299964395,5.555555555555556e-06,0.39407044837444305,1.8279569892473116e-05,34.363168347907134,3.0381542034874145,0.5287784292364827,0.026701758553007156,7.939470624827116,0.0005297836661546339,0.042726938426588035,0.0009213909487908376,0.002056825551318043,0.5832624886926095,0.0016720756528417818,0.0,0.0,0.0,0.0,3020.3377187004103
MER,0.4763527665145283,0.42637245310044664,0.0,0.0031885153918816325,7.168458781362009e-07,0.3396063681721607,0.06021023246729169,0.010018086991130652,0.0006720998787600568,0.1510268439359429,3.703703703703703e-07,0.0009501347543714062,3.912783751493429e-06,1.6919622625963003e-05,0.005386571940604198,0.00025981694828469025,0.0,0.0,0.0,0.0,2534.0368046289336
TWH,0.003023654420549582,17.632770978166512,0.0,69.21174341174938,0.0,24.269691299128663,0.00176952210274791,0.00031346048813790753,0.001421194743130227,0.0014047326762246116,0.0,3.840800477897253e-05,0.009790638716739943,0.02012118635638658,1.6552285430534222,0.00038638590203106334,0.0,0.0,0.0,0.0,4473.618624947913
TMU,30.597686883669986,0.46381060867895546,0.0,0.004720620898588084,0.0,0.49023495488079055,0.10626715465743831,0.014238037575554264,0.0005752282739198756,0.2672289900080042,1.816564260112647e-05,0.0010658837052927711,4.327956989247312e-06,1.1028303052774687e-05,0.02697575055470217,0.00021461768219832735,0.0,0.0,0.0,0.0,9163.449861081444
ARI,157.88445788694526,3.80807184919605,8.960573476702512e-08,0.021962535422956727,5.175135477279281,3.3861497104072136,0.9271653435916449,0.17184453054098908,0.12616988678631758,1.8194949028241254,0.0027564012630141668,0.2187233562938833,0.0002698583081731023,0.0005094534491586771,0.454084483280953,0.04917565428371323,0.0,0.0,0.0,0.0,8247.961158165366
KPO,111.73235148426971,1.2225031010205345,0.0,0.011797971813184552,1.7921146953405023e-07,1.2378080025351506,0.2820234234614004,0.04067543486737173,0.001754602063727481,0.7143997410850386,4.989930022188086e-05,0.0031420641688884184,9.749103942652331e-06,2.990071272607424e-05,0.06151565582863968,0.0005274581839904421,0.0,0.0,0.0,0.0,9392.053413666925
CBG,23.024751370121706,6.4101200982793936,0.0,0.0534933948140497,3.405017921146954e-06,6.38074014884263,1.492762630590427,0.23516210028338363,0.011127714972838723,3.8394887728354847,0.00026077722307561014,0.01882111668755996,6.808542413381123e-05,0.0001915758249907305,0.2649111998634579,0.0027457127922853727,0.0,0.0,0.0,0.0,3611.484763157681
HAM,107.86923194999146,105.31797489559978,2.6881720430107534e-07,0.7804375699336712,0.0001257168458781362,98.85599979072133,24.621229305047937,4.2629859916882955,0.20663677958607743,64.14940892125878,0.004051767579791775,0.3328105943847072,0.001234964054710996,0.0032906547766183465,3.237967122589179,0.02185097414234511,0.0,0.0,9.259259259259256e-08,0.0,2219.621224274496
MVE,25.399213428773002,22.056363313521484,0.0,0.16600735170913006,2.992831541218638e-05,20.67403817840664,5.199526949277857,0.9064766672184261,0.04362942795051527,13.51130567337459,0.0008733393070489844,0.0706705561146718,0.0002252035183125283,0.0006420769402804996,0.6770933457074585,0.007360839520395972,0.0,0.0,0.0,0.0,2248.9285879394206
RTO,8.459147957982411,1.2051155994756078,0.0,0.004536717310827433,4.480286738351255e-06,1.183258259294572,0.14175290224735299,0.02972134173184785,0.005582555992549041,0.3370248201484895,9.478579962450927e-06,0.001638661608136024,0.0006455814588225601,0.0012286513012694882,1.4880076106829456,0.16604639414899566,0.0,0.0,9.259259259259256e-08,0.0,4527.011107279742
HTI,15.387948046550838,2.091570141566762,0.0,0.00950454733654678,4.121863799283154e-06,1.9107088876823755,0.26424756221639567,0.053072839148142266,0.009364954218679191,0.6066034353867613,2.0435654548557777e-05,0.003103158690432049,0.0010848613318148912,0.0020972958416465093,2.3133145801551986,0.25133748288810026,0.0,0.0,9.259259259259256e-08,0.0,4778.372941099021
HIN,37.53646026201217,0.5752234717587443,0.0,0.00594191422274014,0.0,0.6008203973403722,0.13232822807234376,0.01744880736826927,0.0007604206393347104,0.33360962373683867,2.2542029356545486e-05,0.0013814649875523069,4.596774193548386e-06,1.3209327236023564e-05,0.033753316905615297,0.000273321385902031,0.0,0.0,0.0,0.0,9156.833677088667
KIN,80.46165998279983,3.6327521979006656,0.0,5.639187574671447e-06,52.778829998425635,0.11672515700131242,2.2398033992649093,0.4583498029335946,0.882412625080189,0.12543090254603878,0.02189033239460659,1.6147797028150026,0.0,0.0,0.004436160607612221,7.287933094384705e-07,0.0,0.0,0.0,0.0,4581.241405428521
KPU,11.706994483177958,9.849221290249012,0.0,0.07195587696647067,1.2365591397849462e-05,9.262363981709543,2.32606447025943,0.40001934405365164,0.01990673666654896,6.087346286651542,0.00036300477897252087,0.03168388358464138,0.00011015232974910392,0.00030030919128249496,0.3019315587130909,0.003173212792285373,0.0,0.0,0.0,0.0,2259.156213550681
ONG,5.591245094122806,1.2839813731821363,0.0,0.002767602664041763,4.390681003584228e-06,1.2006259066069882,0.10558601103666033,0.0226351462088976,0.007958325020157612,0.24585073251584655,5.176864652671105e-06,0.0010580587336899904,0.001087388581374955,0.001847892484889148,1.9172231019327763,0.22379162621166374,0.0,0.0,9.259259259259256e-08,0.0,3391.720703583412
PAO,1.0781873222819596,1.025945805598225,0.0,0.00814481609489674,0.0,0.9450294943676395,0.22140129010923368,0.040265256869773,0.0008063944359105651,0.5814399347158219,8.832117255504353e-05,0.002126741764806281,1.1099163679808839e-05,1.4256272401433694e-05,0.05305770203959721,0.0005234050179211469,0.0,0.0,0.0,0.0,2235.0825886244884
WHU,27.744156655903684,23.932096222824015,0.0,0.17952655386496458,3.7455197132616484e-05,22.49816634539553,5.697766878939563,0.9900879449829617,0.050852356527829275,14.782694040696306,0.0008205188598736985,0.08028563855489051,0.00023556534008981175,0.0007330783616128442,0.6735345114353984,0.00750826250213347,0.0,0.0,0.0,0.0,2249.8327046459394
WKO,17.435300615866538,14.916387900945203,0.0,0.11095385760780643,1.7921146953405025e-05,13.923368755201254,3.530888958903485,0.6120488133566986,0.029776141067970874,9.176713958609213,0.0005439345451442227,0.047383765758249916,0.00016604879907716391,0.00044983986469386913,0.4474379887779485,0.004819653097798259,0.0,0.0,0.0,0.0,2253.3803560021133
OHW,33.06281768879737,68.40632042218425,4.2114695340501774e-06,2.4645788914416955,4.775985663082439e-05,212.41302874077454,9.15815528422233,1.5981677319670298,0.07904680426811683,23.95973478128255,0.0016102636968766005,0.12605383198409756,0.005433486590038314,0.01175650945936402,2.26962980030722,0.0005697939068100359,0.0,0.0,0.0,0.0,4125.005752930478
HLY,0.004282641022358764,14.583057710963386,0.0,3.2090241985362926,0.0,603.0683802313637,0.0018066167434715819,0.00037279292541389313,0.001155636200716846,0.0024741114097968937,0.0,6.292178699436761e-05,0.006955389115478104,0.014639743225865306,1.4449260037975764,0.0003533751493428913,0.0,0.0,0.0,0.0,9396.14790322563
NAP,154.582447269931,45.45478523307791,0.0,0.0,0.0,1.7753171889695194,206.2079587005329,4.529521397937744,6.76553166069295e-05,0.0,0.0,0.00013064516129032258,5.495818399044207e-07,3.7724014336917562e-06,0.09054365847414235,1.8518518518518518e-07,0.0,0.0,0.0,0.0,4023.392231130788
WRK,119.40419983367762,386.25884860849953,0.0,0.0,0.0,19.897289300361656,126.74039382063258,94.69757792903343,0.20329265825196724,0.0,0.006061621650452296,0.384311367414411,3.1123058542413376e-06,3.113799283154122e-05,0.5840183250128009,1.2037037037037037e-06,0.0,0.0,0.0,0.0,3374.266919715499
MAT,0.005175193292370711,0.00394869708994709,0.0,0.0,0.0,0.00019163765147636112,0.002294192694999147,0.00031635133981908176,54.09353126475773,7.168458781362009e-07,0.002772823860727087,0.10257831541218639,0.0,0.0,5.0657108721624864e-06,0.0,0.0,0.0,0.0,0.0,9956.81357477581
ARA,68.31841642133233,8.819306202585471,0.0,0.0,0.0,0.4020491179941264,5.5678122036757465,0.9600119915058474,3.0376344086021498e-05,0.0,0.0,4.856630824372758e-05,9.259259259259256e-08,1.0782556750298684e-06,0.022323569295101552,0.0,0.0,0.0,0.0,0.0,6756.023165526204
OHK,102.52210266610902,37.425385280551296,0.0,5.0866188769414585e-06,8.870967741935483e-05,2.0326341902746146,23.72472197641706,4.263608409343715,1.8620026333197968,0.18151105302187617,0.059240240868748927,4.583393751802414,6.391875746714456e-07,5.385304659498208e-06,0.1201071268561188,1.651732377538829e-06,0.0,0.0,0.0,0.0,4006.849942225133
ATI,29.97531876012295,2.8223386965455446,0.0,0.0,6.810035842293908e-05,0.178480892923354,1.7899226816244969,0.2922958380711078,0.11559309154498532,0.01076260639393565,0.0020126627837514935,0.18307344964422556,9.259259259259256e-08,6.272401433691756e-07,0.012017151177675371,0.0,0.0,0.0,0.0,0.0,7267.910781267038
WKM,80.20417594403835,90.23219574174863,0.0,2.970430107526884e-05,0.00011657706093189964,13.564039233355992,21.831607721954438,3.7981526883706764,0.19009595455120623,193.30111266394613,0.0037052359617682196,0.30448737413999094,0.000141705495818399,0.0005716905615292711,2.716064238991295,0.0006617741935483869,0.0,0.0,9.259259259259256e-08,0.0,3190.097250087175
MTI,190.4750289057433,20.23171905554231,0.0,1.6666666666666669e-06,4.139784946236561e-05,2.9111082559987285,4.856967288801196,0.8115137091477302,0.0481614664074133,13.954278041754211,0.0008410261990100697,0.07493985232710068,2.9946236559139787e-05,0.0001200448028673835,0.5175838453661034,4.423835125448028e-05,0.0,0.0,0.0,0.0,6749.017796476798
WPA,54.77920141152573,0.0,0.0,0.0,0.0,0.0,0.0,0.0,0.0,0.0,0.0,0.0,0.0,0.0,0.0,0.0,0.0,0.0,0.0,0.0,10000.0
PPI,3.0424496553416196,86.78759754326529,0.0,0.0,0.0,0.29338613347576087,3.5305148696302773,0.6283811922859615,1.3172043010752686e-05,0.0,0.0,2.5806451612903226e-05,9.259259259259256e-08,8.064516129032256e-07,0.01612751493428913,0.0,0.0,0.0,0.0,0.0,8495.404739154097
KAW,7.391383227498514,5.43103104101559,0.0,0.0,6.0931899641577065e-05,0.30231185305836583,3.46614639125042,0.6124081717560959,76.85445867954401,0.0038575337088240305,10.626726262374124,281.9501835314444,0.0,6.272401433691759e-07,0.020506495989076633,0.0,0.0,0.0,0.0,0.0,5726.357869589752
OKI,1.7743630117237847,33.84376837376627,0.0,0.0,0.0,0.0,3.393201214930169,0.0,0.0,0.0,0.0,0.0,0.0,0.0,0.0,0.0,0.0,0.0,0.0,0.0,7622.544044098012
EDG,9.591644239520983,4.607959462041893,0.0,7.407407407407405e-07,0.003303797561664636,0.2487277673311322,2.9087879577690674,0.5148824570878284,34.38223018081524,0.053692507246440785,0.618928408431473,60.97542488349783,9.259259259259256e-08,6.302270011947433e-07,0.015580203746373098,3.673835125448028e-07,0.0,0.0,0.0,0.0,3870.0378656433286
WAI,0.29937420359776595,0.1621417665571976,0.0,0.0,2.3588709677419354e-05,0.007899867724867725,0.10858651993543679,0.017486635098669306,5.902855562706358,0.003789176267281106,0.006856132872503842,4.347767100106821,0.0,0.0,0.0005589516129032258,0.0,0.0,0.0,0.0,0.0,4570.2482198139005
TKH,0.03135231033452808,0.017246815318019432,0.0,0.0,2.713773681515617e-06,0.0008583243727598566,0.011532256284172301,0.001845867292288316,0.6278064555414303,0.0004176732377538829,0.0007705086192182969,0.4514490717934684,0.0,0.0,5.1992234169653537e-05,0.0,0.0,0.0,0.0,0.0,4585.065453085939
LFD,1.3785668903131638,0.38704739435645713,0.0,9.259259259259256e-08,0.1821180892717364,0.020922340578302757,0.23669766556461916,0.043120369995173935,0.11024013548269389,0.007884408447657892,0.004487942908346135,0.22540554103324684,0.0,0.0,0.001095179638163509,0.0,0.0,0.0,0.0,0.0,3267.5829038309535
MTM,24.93630776481511,9.273551790915539,0.0,3.6081242532855437e-06,0.03429008348488327,0.5173529555031752,5.808535752872092,1.0393760533897158,3.4935351303917934,0.12846861044899976,0.09168637459464073,7.196254017566549,9.259259259259256e-08,1.7084826762246116e-06,0.03392484020310633,8.243727598566307e-07,0.0,0.0,0.0,0.0,2921.6788043877755
OKE,8.207729305548197,2.696988569876289,0.0,8.333333333333334e-07,0.25810717677195705,0.14129390166763778,1.6997853872542097,0.3047559892016997,3.1458665392396608,0.04262982258358788,0.02435142259771292,2.4028185659183343,0.0,3.5842293906810047e-07,0.009341276455026457,3.673835125448029e-07,0.0,0.0,0.0,0.0,2604.909836404463
OWH,0.8359873851898937,0.3855212695617117,0.0,9.259259259259256e-08,0.01409048367233434,0.020551302483358933,0.2420470365367751,0.04216514665766196,7.101370249027432,0.007493068304877257,0.011223038274449565,5.363174421020417,0.0,0.0,0.0013321330431814303,0.0,0.0,0.0,0.0,0.0,4072.2939824776827
PIE,14.306692598779655,5.683625008658944,0.0,2.4044205495818398e-06,0.020618810649398807,0.30025403884239393,3.5477022830334697,0.6473619862236699,1.968969721839669,0.08841237421355885,0.05378839285714285,4.158931405272466,9.259259259259256e-08,8.960573476702511e-07,0.019438556280935316,5.495818399044205e-07,0.0,0.0,0.0,0.0,2860.300484569378
THI,77.29933315789589,265.95130722988796,0.0,5.0973715651135e-05,6.890681003584231e-05,10.19462945509708,49.49393515550052,8.83355436784552,0.11755254100676236,37.77835358398662,0.0022706931643625195,0.19353660886434665,8.15352449223417e-05,0.0003070041816009558,1.6241112017835808,0.000499537037037037,0.0,0.0,9.259259259259256e-08,0.0,3962.2085752594553
ROT,23.226013275347096,8.031290422368183,0.0,3.237753882915174e-06,0.6165290231062145,0.47384121551135594,4.9398955846737405,0.8678200423383418,35.66800970909771,0.1153896199113065,0.09527513952892984,5.887002624535787,9.259259259259256e-08,8.064516129032261e-07,0.03166698754053593,7.317801672640383e-07,0.0,0.0,0.0,0.0,3029.510834083163
TRK,93.32132234990672,38.625326984384465,0.0,2.1639784946236557e-05,0.9954265258723685,2.014055386231615,23.99899100635038,4.369482352209392,15.067813694713703,0.7029817013613009,0.36922458141321046,26.5636692038479,8.243727598566309e-07,5.492831541218638e-06,0.12686358380269677,5.128434886499403e-06,0.0,0.0,0.0,0.0,2760.988424273855
TGA,23.85759545423045,10.215026667924679,0.0,4.256272401433692e-06,35.33932223711973,0.5097403559363431,6.354743064457276,1.1838600124329797,3.248548938083762,0.17637483008015964,0.09231183137054108,7.039590191563524,9.259259259259256e-08,1.6158900836320193e-06,0.032402448583376,1.1947431302270012e-06,0.0,0.0,0.0,0.0,2611.4620527566562
TMI,11.987571398989765,4.012923288832095,0.0,1.2962962962962958e-06,0.3579565062370888,0.20640954568126846,2.5339075984853836,0.4572634542495777,4.435558246434899,0.062191543830299394,0.03551446599249018,3.504554236401705,0.0,4.480286738351256e-07,0.01341388547533709,4.5997610513739544e-07,0.0,0.0,0.0,0.0,2605.3193779280605
KMO,77.39171596504197,30.31768694920429,0.0,1.2488052568697731e-05,0.07435699188840039,1.6099000952483948,18.957230578199763,3.4429563626987068,10.571689565250336,0.46119612293347695,0.2847389356118792,22.378281556057292,7.347670250896058e-07,5.483870967741935e-06,0.10345981780167265,3.2974910394265234e-06,0.0,0.0,0.0,0.0,2879.2844465775693
TUI,3.261516320875341,5.933709192165312,0.0,0.0,0.0,95.84891645398913,3.750936652799112,0.6043206255112972,1.003584229390681e-05,0.0,0.0,1.4516129032258065e-05,9.259259259259256e-08,7.168458781362009e-07,0.020686284348864995,9.259259259259256e-08,0.0,0.0,0.0,0.0,7723.612437622358
WHI,27.94806685951763,51.566717935308766,0.0,0.0,0.0,3.6744810742315095,32.014954181939366,5.689020350793945,0.00012123954599761051,0.0,0.0,0.00021487455197132617,6.391875746714458e-07,1.0313620071684588e-05,0.16077596731524155,3.7037037037037036e-07,0.0,0.0,0.0,0.0,3078.3552606609564
FHL,7.612931986547369,13.926261146431072,0.0,0.0,0.0,19.624907652933004,8.708813068569725,1.4454932526366746,5.528673835125447e-05,0.0,0.0,7.401433691756272e-05,2.7777777777777776e-07,2.8733572281959388e-06,0.05228856630824373,9.259259259259256e-08,0.0,0.0,0.0,0.0,2709.285300282137
GIS,2.746228110797712,5.07085544484318,0.0,0.0,0.0,35.57458593391541,3.210086130437406,0.5040279167402346,1.0394265232974908e-05,0.0,0.0,1.3799283154121865e-05,9.259259259259256e-08,8.064516129032256e-07,0.019572347670250893,0.0,0.0,0.0,0.0,0.0,5895.914467504275
RDF,41.5401324695576,74.92821391084156,0.0,0.0,0.0,26.36452321025419,47.15432139514952,7.8933277990241955,0.00026560035842293907,0.0,0.0,0.00038351254480286745,1.565113500597372e-06,1.4725209080047787e-05,0.2630422956135859,4.62962962962963e-07,0.0,0.0,0.0,0.0,2628.760441377639
WRA,0.5035223116513939,0.9416345484179953,0.0,0.0,0.0,5.642627494210204,0.5965213210004061,0.09566971504199258,1.075268817204301e-06,0.0,0.0,2.150537634408602e-06,0.0,2.6881720430107534e-07,0.003762338709677419,0.0,0.0,0.0,0.0,0.0,5503.600600688709
WTU,18.466809019008483,32.79878944278181,0.0,0.0,0.0,4.148190905245982,20.760778187411347,3.5766981630088694,0.00010672043010752687,0.0,0.0,0.0001596774193548387,8.24372759856631e-07,6.191756272401434e-06,0.10321304062126643,2.777777777777777e-07,0.0,0.0,0.0,0.0,2944.7526922455377
BRK,5.153621770618146,110.20887329773382,0.0,2.5041973950406384,4.7491039426523315e-06,29.19063874919075,2.8304707664085904,0.5490502769023193,0.01830939853070137,3.2991719356604343,9.508661887694147e-05,0.01614501647921559,0.043651766755831,0.1316381657823802,10.502813701334818,0.023659304967012143,0.0,0.0,0.0,0.0,4865.022922421686
CST,0.10847260454002389,26.313151157429473,0.0,1.533568472156011,0.0,6.499522582138591,0.0767516231438812,0.013531374381293738,0.22599323604710705,0.06766001088069636,8.870967741935481e-06,0.0003724746117084826,1.8695997516935337,7.512718387825098,3.41880304040792,0.002720415386584741,0.0,0.0,0.0,0.0,3562.6933035625634
HWA,0.02756329023724185,10.59217377869885,0.0,0.4808446870199693,0.0,2.195718832940481,0.020994727129202934,0.00403096027479092,27.070914416687266,0.020241994154292543,2.3297491039426526e-06,9.710466803208738e-05,6.177255833774741,1.9391140888391571,38.70805648056188,0.06321308367321717,0.0,0.0,0.0,0.0,3136.354504360621
HUI,0.023680688257381805,4.482261457969172,0.0,0.3341110712372948,0.0,1.2923292374463693,0.017695780849974398,0.0033012216248506565,0.08696961682881037,0.01736000768049155,5.376344086021504e-06,9.86646612049838e-05,0.5552038703129875,4.94086617719718,1.0773797742788873,0.0011015798344427377,0.0,0.0,0.0,0.0,2900.494509491709
KPA,0.0,8.969619388974229e-05,0.0,5.376344086021507e-07,0.0,3.673835125448028e-06,1.7921146953405023e-07,0.0,1.7921146953405023e-07,0.0,0.0,0.0,30.923372280002475,1.1344726062467998e-05,8.333333333333334e-06,0.0,0.0,0.0,0.0,0.0,9999.926305978897
MKT,0.006071401476361154,1.7175379678405167,0.0,0.08686685839939733,0.0,0.3749992141253362,0.004361145673323092,0.0007753411418330773,0.10466035863628602,0.003986416197303294,6.272401433691757e-07,2.115164703874381e-05,1.4054672962683403,9.21665293521314,0.30614504565625533,0.0005270726659839563,0.0,0.0,0.0,0.0,5150.525981468298
MNI,0.013016374167946751,2.862637984996557,0.0,0.19205486675377104,0.0,0.7803462131277552,0.00970094299368493,0.0017984018177163337,0.1316249690646868,0.009283072196620584,1.7921146953405011e-06,4.730137395459976e-05,1.237295929479257,7.767588056798854,0.555973837045571,0.000834588026967059,0.0,0.0,0.0,0.0,3861.9216484291396
MKE,1.5697644649257555e-05,0.01113828170336235,0.0,0.0005630615292712065,0.0,0.0020455162997098488,3.425755248335894e-05,1.2544802867383517e-06,0.0006601254480286741,2.3708824031404683e-05,0.0,0.0,0.0071637728281276685,9.902145978092943,0.002517944615122035,5.077658303464755e-06,0.0,0.0,0.0,0.0,9951.382010371628
NPL,0.1985066338112306,51.321853336489404,0.0,2.8977123669891878,0.0,12.285981580114,0.14086520075951525,0.024909450418160096,0.05755690732206862,0.12413932902372417,1.7293906810035843e-05,0.0006838521932070321,0.4670835474307138,1.4096753163200144,6.051839963304319,0.0039051860385731357,0.0,0.0,0.0,0.0,5037.043655622436
OPK,0.005124473886328725,1.3987142202829714,0.0,0.07128782652388602,0.0,0.32436222382600305,0.0038530007253797568,0.000682610513739546,0.05171839755077658,0.003570506912442396,1.7921146953405023e-07,1.5650708311998634e-05,6.238324273656502,0.2015011900274261,0.20000070553848778,0.0003140190305512886,0.0,0.0,0.0,0.0,5684.684423184611
SFD,0.21321888626987073,417.7679191038322,0.0,6.577569138173811,0.0,37.699171205498764,0.15347413481911118,0.027341422730135186,1.9437786600779237,0.13714219617917617,1.8010752688172042e-05,0.0007395508972344344,15.712303198659887,3.5601589688277993,13.136123485545372,0.013143446363095973,0.0,0.0,0.0,0.0,7144.33952846864
WVY,0.033841478295990254,3.8798994568038556,0.0,0.11099120219556122,3.5842293906810047e-07,0.7767333678219773,0.021025419984580164,0.003747685015978953,5.587413727664778,0.020515356502816183,1.2634408602150537e-06,0.000126945673028821,2.0950848819381918,0.8884706222375244,7.795637299372908,0.09244966840728382,0.0,0.0,0.0,0.0,2485.988995159824
RPO,13.48904995548405,24.13562310887023,0.0,0.0,0.0,116.85924076153837,15.458429308542412,2.9402243373001156,0.00013930704898446834,0.0,0.0,0.00025035842293906816,3.125149342891279e-05,9.226702508960572e-05,0.7241192449650112,6.637395459976105e-05,0.0,0.0,0.0,0.0,4866.937257872728
TKU,22.465677010361308,49.406665870897115,0.0,0.5893978954864606,8.109318996415773e-05,140.44467354354632,8.101557020778525,1.5676885437155335,0.061367941642977805,17.671849249982344,0.0006630792370711725,0.09703188077140386,0.008564486223670039,0.025218879508978227,6.348987864587931,0.024129190171619252,0.0,0.0,1.8518518518518518e-07,0.0,3790.65230727664
BPE,29.890446524084673,172.7192777545524,0.0,2.891794385538605,0.000110752688172043,117.5578171027332,16.299539607713744,3.1609883099828737,0.8377083036781019,18.653640039108712,0.0005692018689196108,0.10760635987369857,0.30878071379280914,0.3031715966520708,51.39684731643331,2.0117164942823003,0.0,0.0,7.407407407407407e-07,0.0,2761.6276135023436
DVK,1.5666026700228353,7.533298493601062,0.0,0.08244114055299538,4.4802867383512545e-06,5.550661987842165,0.6153164341993749,0.10841353926467387,0.3140884707729341,0.6703233542486949,2.6456306536951704e-05,0.0037091398952981266,0.10296558802843842,0.06428456377162162,3.029263631842553,0.6862572746540837,0.0,0.0,0.0,0.0,2435.107449534219
LTN,11.803854091355182,67.75726592077619,0.0,1.3169204456230026,4.1935483870967746e-05,39.48740373029852,6.6313115231062145,1.3209316903113983,0.03602981719105885,7.765911671853206,0.00019248549240484725,0.04533156195743654,0.019564372987917203,0.06083140900236006,24.891975261990105,0.0589553839068689,0.0,0.0,9.259259259259256e-08,0.0,2700.4815494418326
MHO,1.1963889211189978,5.10428383792103,0.0,0.07738867948514222,4.56989247311828e-06,3.4129695301657925,0.5135058787541713,0.09735935856860356,0.19293083894656618,0.6019455231488838,2.1712536268987883e-05,0.0029031915458681314,0.06829485366603691,0.034482136353738126,2.0377317244395594,23.22423047043747,0.0,0.0,0.0,0.0,4363.151818763469
MTN,0.6920949167505341,4.409028708441478,0.0,0.06953491886193361,4.838709677419355e-06,4.2363162006064945,0.349978506188534,0.06217831508113071,2.1622884842358645,0.36024097441454644,1.9843830005120328e-05,0.0021105543049008005,0.7853744573041181,0.3717341123808936,7.1023051929318886,0.8976143131919063,0.0,0.0,0.0,0.0,2050.785084385122
MTR,2.4012321701655575,3.3709451207838215,0.0,0.015241119644990614,3.7634408602150543e-06,2.839935928795075,0.18905142070701716,0.0341734044661617,0.07545107902813825,0.237512107581322,7.18467315241509e-06,0.0012336667873180667,0.021122246161225582,0.014600698284690218,3.3460634541760097,0.594799659064157,0.0,0.0,9.259259259259256e-08,0.0,2133.4786713752055
NPK,1.2949711605708283,0.46106144106326263,0.0,0.0008404850995521183,5.376344086021507e-07,0.4366680873148296,0.02914853226836403,0.005578442787694734,0.00534484427141268,0.05154190725585747,6.362007168458782e-07,0.00019410684122864326,0.001165326104548852,0.0011903409946972237,0.31327868807787607,0.06745780220232944,0.0,0.0,0.0,0.0,3070.6334220767826
OKN,3.816657975175238,2.206828882709183,0.0,0.003215445983485472,4.569892473118281e-06,1.9614059228507867,0.11308569771086041,0.021573440176033336,0.02667498660328054,0.1907481728890419,3.897849462365592e-06,0.0008831987334545733,0.005579090111882103,0.005947616266751417,2.6698024624730006,0.4025649661513969,0.0,0.0,9.259259259259256e-08,0.0,2346.1576929905314
RTR,4.062235552024295,1.3765160852225575,0.0,0.0017409834413310494,4.6594982078853036e-06,1.207317732886629,0.07793912118697438,0.01637763817528,0.011309029433056133,0.1667651207323246,3.0794504181600946e-06,0.0007947924795922572,0.0019181890519154145,0.002691061879454538,2.096560727351378,0.26389019933965424,0.0,0.0,9.259259259259256e-08,0.0,2824.236651033688
TMN,0.017692179126130737,22.622810862274957,0.0,4.944509064966365,0.0,7.517728486751888,0.01273186657279399,0.0023335389998293227,0.002057043650793651,0.01214331967912613,1.4336917562724019e-06,6.972072879330942e-05,0.012984086705687096,0.029083791095043873,1.9158039260112645,0.0004370916538658474,0.0,0.0,0.0,0.0,4335.460763700512
TNG,10.357980640555937,28.126400042345697,0.0,0.3166549888471024,1.4336917562724009e-05,58.593594546571445,10.513989203421202,1.9899588177928447,0.0089830990930546,1.8973147434024282,5.703533026113671e-05,0.012058625250866631,0.004570317246970472,0.013390390248424174,3.7269637615133804,0.013641513020051675,0.0,0.0,1.8518518518518513e-07,0.0,3341.6546286756716
WDV,3.248443360472541,13.785283979870343,0.0,0.17559457298232606,9.408602150537632e-06,9.356507800473482,1.1764758897746468,0.21360997967318185,0.7249280709680364,1.3174160774684982,4.762864823348694e-05,0.007565163313440565,0.24335509145964648,0.1427615096874246,3.4567845057706688,1.167164174074957,0.0,0.0,0.0,0.0,2489.5156152125223
WGN,0.26622892414263943,5.15478796434604,0.0,0.12491563661269722,3.225806451612904e-06,2.7482216687927794,0.16541262839074572,0.029399629762051897,6.31876425341061,0.16208570770138483,9.66973886328725e-06,0.0009957117623343988,2.3150761828030557,1.0029835764017632,11.2214012707388,0.5674184306563436,0.0,0.0,0.0,0.0,2285.917231364244
WPW,1.2070070176518886,5.799018391930186,0.0,0.06368242232698296,3.7634408602150526e-06,4.237595127684493,0.4755023316324429,0.08423024865223558,0.24018416303241105,0.5212575068271036,2.0373783922171016e-05,0.0028681242385719583,0.07916192733990148,0.0493866204365815,2.3526680268272804,0.5275170134290894,0.0,0.0,0.0,0.0,2429.610075635687
TWT,4.703203283792692,26.526112119903956,0.0,0.4817638324843594,2.114695340501792e-05,15.35762340353185,2.585576514976959,0.5177130820400091,0.01339715629800307,3.047994979746749,8.071215224441034e-05,0.01835583037590268,0.006800730389733447,0.026005928147677312,10.069355913110394,0.015093071321162253,0.0,0.0,1.8518518518518518e-07,0.0,2688.188307671657
TWC,0.0012579857763770441,0.007208138334186722,0.0,9.013418789837033e-05,0.0,0.0045307882141238645,0.0007225129920958619,0.00013620324022576528,1.3560334528076466e-06,0.0008051200554996439,0.0,3.904669209174213e-06,1.7114695340501794e-06,7.419972809294278e-06,0.004598507211128179,0.0,0.0,0.0,0.0,0.0,2571.2637079530364
CPK,4.3447301695078595,27.609500351948956,0.0,0.36266032640617735,6.0931899641577065e-06,16.97922726744443,2.3067604429819144,0.42662024378939567,0.010053815629947444,2.5831821780446824,8.464029697900667e-05,0.014349034443031938,0.007293333546680322,0.026442852574288894,37.58563138355522,0.011567413999093643,0.0,0.0,1.8518518518518513e-07,0.0,2930.019188464144
GFD,1.7719650157803204,10.678144202273545,0.0,0.17103201310539046,6.182795698924731e-06,6.253685811071679,0.9692988147103483,0.18364799714997854,0.012507391597659952,1.1067110567738405,3.327636968766001e-05,0.006475280713138055,0.005596013574753842,0.00923772966435369,22.295916685448564,0.020937398439477138,0.0,0.0,5.555555555555555e-07,0.0,3467.0560037568725
GYT,0.8518261989217885,3.395650315547552,0.0,0.050136553386773086,6.272401433691759e-07,1.9421035487843636,0.2881798614495236,0.05480789680332645,0.1930458721551283,0.33615176476214015,1.0193719064686809e-05,0.0018617953737544947,0.06722228045859305,0.0330862712832012,12.622981485042171,0.2511923439256434,0.0,0.0,1.8518518518518513e-07,0.0,4353.36914166538
HAY,29.636841286357274,177.63560157825276,0.0,3.599390217930269,0.00010609318996415774,97.0036653499185,16.94047045289887,3.4539263130403564,0.12755327513374648,20.07344206368334,0.00043800243215565794,0.11681807499220181,0.05968780564530844,0.14814093680662227,452.5250660871942,0.22875633840657758,0.0,0.0,9.259259259259257e-06,0.0,3849.6986698864475
KWA,1.1560242388441595,7.337940955272172,0.0,0.10032671064557327,2.4193548387096776e-06,4.555030868704792,0.6202874977120375,0.11417048454043588,0.002944930713726598,0.6935517664468458,1.9910180918245436e-05,0.004047079632866618,0.0020826041354002974,0.0068965350095049754,10.021840548257618,0.0039007206419831558,0.0,0.0,2.777777777777777e-07,0.0,2924.5465986911286
MGM,2.6807333061499845,10.499587606268868,0.0,0.15079859160089695,6.451612903225806e-06,6.909836150109469,0.9154444437308356,0.16841875645190718,0.6363261551194449,1.0391648872350818,3.2290279911247654e-05,0.005911059164798042,0.2123992047674959,0.11662599505034987,3.285023561401263,1.0162562471749916,0.0,0.0,0.0,0.0,2349.241925797004
MLG,2.170027166759362,13.075477105447852,0.0,0.20200595462477416,6.899641577060931e-06,7.612108370543991,1.1706088001953963,0.22092123410197104,0.015191865895969065,1.3368272930092813,3.605116060761222e-05,0.007718686834578103,0.006897970540459417,0.011649847824743542,25.92910149607,0.024313380137248326,0.0,0.0,5.555555555555555e-07,0.0,3390.6342944711832
MST,2.7949727250737153,11.444760609274857,0.0,0.15776729570922426,6.36200716845878e-06,7.195444492278309,0.9611552845975245,0.17739725765989256,0.6805154273413729,1.0900578417303766,3.340501792114695e-05,0.006178399875523068,0.22416065203253469,0.12359971869831851,14.116354014962246,1.0004851709497913,0.0,0.0,2.7777777777777776e-07,0.0,2462.95209895938
PRM,1.7769645890716317,10.851698577299292,0.0,0.16123746062644562,3.7634408602150526e-06,6.384336882875447,0.9458803576504757,0.17628305022923763,0.008122905013507074,1.0738672677534122,2.8153908516811752e-05,0.00595966704627717,0.004381327113900805,0.00966912963992914,21.779265409199525,0.01136979122158071,0.0,0.0,5.555555555555555e-07,0.0,3421.004141083863
PNI,1.688212828289516,10.32493607278222,0.0,0.15373719475195835,3.7634408602150547e-06,6.092528369536111,0.8992796946489633,0.16765978490209577,0.007713432451401027,1.0203919846934573,2.543693463048301e-05,0.00563005032781868,0.004159255919275385,0.009158733675277059,20.545580124344514,0.01080553066016915,0.0,0.0,3.7037037037037036e-07,0.0,3406.0346833757467
TKR,4.280549466993014,26.35313811301211,0.0,0.3812553709589137,9.318996415770609e-06,15.460111548906486,2.2711282766860297,0.4218419816551018,0.01953213171160196,2.5724235980601606,7.396569380440347e-05,0.01441782622961433,0.01046638809435528,0.023517818806610517,54.80782450520421,0.027127871054552086,0.0,0.0,1.0185185185185185e-06,0.0,3488.8662156471582
UHT,1.278986928428707,6.532731238979524,0.0,0.08982694634249697,3.136200716845878e-06,3.7736677185629537,0.5566672676357034,0.10301339134900034,0.1578801654027697,0.630785894093084,2.136883427206008e-05,0.0035903573267769603,0.05377902922706594,0.027188547452784095,23.470490275673736,0.2044431763025937,0.0,0.0,5.555555555555557e-07,0.0,4485.673669533443
WIL,10.5758821434089,65.97281353482853,0.0,1.049293038436299,2.5537634408602152e-05,40.601022186166574,5.859119862405906,1.1193592154495586,0.03059349429260024,6.666874515665555,0.00019051651305683568,0.037717634474813286,0.020018819602615485,0.0599321329696135,82.55097488790456,0.052357129401569065,0.0,0.0,1.4814814814814817e-06,0.0,2824.772727871135
MHT,1.1164003561349765,6.886950988009899,0.0,0.0979809937408408,2.419354838709678e-06,4.316521824197668,0.6072578684208203,0.11609049234599292,0.002740241839845566,0.6887262991948726,2.2841568527052398e-05,0.003864581545632714,0.0017681099222534155,0.0065279416576913794,9.38969002832365,0.003978009362254356,0.0,0.0,1.8518518518518513e-07,0.0,2895.0549352495887
WWD,0.0012321152176727817,0.00800492604216325,0.0,0.0001207373566161108,0.0,0.004583906773251879,0.000794481147483094,0.00016036136565613762,1.257467144563919e-06,0.0009148994400009418,0.0,4.393667861409798e-06,1.0842293906810035e-06,7.816091954022987e-06,0.01167134044440913,1.272401433691756e-06,0.0,0.0,0.0,0.0,2966.7561919479203
RFC,0.05345215153080143,1.4522025872442044,0.0,0.008902644156352444,2.688172043010752e-07,1.3094721647583145,0.033716399673946955,0.007295072243704057,0.1692272445353744,0.0410117168399927,3.5842293906810047e-07,0.00024546307331485307,7.66414328677955e-05,0.0002095711946254216,3.9274951588257974,0.0005338374134105503,0.01650271633384536,0.07508718104625363,1.0902031063321388e-06,0.0,3831.3882265879524
COB,0.0027447997848873825,0.1211748634358576,0.0,0.000692770398914726,8.960573476702512e-08,0.09631238387302764,0.0022766224376291116,0.0005007500691538512,39.90026719194901,0.0026322280635156054,0.0,1.58313764264821e-05,1.977299880525687e-06,7.806307419766819e-06,0.25680628837303054,3.775697276809624e-05,0.0009418151561699947,0.0,1.7921146953405023e-07,0.0,9762.219818472913
ARG,0.0747194329457775,2.4536988072505608,0.0,0.0097976932040892,2.688172043010752e-07,1.9793426962645149,0.043302496917503874,0.0091810284796158,9.70420931564172,0.0528306180588661,3.614097968936678e-07,0.0002698264238336541,8.399929963333745e-05,0.0003142459213941416,5.612631394171066,0.00048465519448417113,0.027440157663423795,0.0,2.8076463560334523e-06,0.0,3401.343579131164
BLN,0.39760395490874634,12.455080755476395,0.0,0.05367172588884767,1.8817204301075263e-06,10.166430820252955,0.2340094489982991,0.04967730054999382,19.937330074811225,0.28531604782798053,3.7096774193548396e-06,0.0014573304847832098,0.00045134933877147434,0.0016817872739257613,29.09414387338077,0.002682290434403894,0.13784951655572625,0.0,1.3575268817204304e-05,1.8518518518518513e-07,2834.14589200303
IGH,0.20640522266068706,6.28467038743813,0.0,0.033197820248541884,9.856630824372762e-07,5.408332286042399,0.12887138532820122,0.027883172271071316,0.12598266334286773,0.15668705367074526,1.8966547192353646e-06,0.0008814045735708693,0.00030394584517776964,0.0008160804774264174,15.251106016649894,0.0020499736773958127,0.07372311379928315,0.03730396356033453,5.8960573476702484e-06,9.259259259259256e-08,3917.9643900248616
KIK,1.3791586740411157,45.81512771279523,0.0,0.1996433801446051,6.4516129032258055e-06,37.67453851942341,0.8248241408075405,0.17730419507124318,1.4775844771748152,1.0046552401845672,1.2311827956989245e-05,0.00544322635085427,0.001833020022246941,0.005619465323022052,104.4678789577264,0.011572083039061628,0.5340192054958184,0.0006499519969278034,4.9220430107526885e-05,9.259259259259259e-07,3852.905977326806
MCH,0.10918047888306229,3.433897720784705,0.0,0.01730117248883239,5.376344086021507e-07,2.9176971923830712,0.0675791200319579,0.014582244395595342,0.02763793695670086,0.0821673294033347,8.154121863799284e-07,0.000460450081218991,0.00015720121122234586,0.00043097976293471286,8.182940029544879,0.0010517707137854527,0.039100958781362015,0.0005082183393070489,3.264635603345281e-06,9.259259259259256e-08,3934.6572378263604
MOT,0.03410616637533767,1.2991277928371323,0.0,0.008651499461482777,4.480286738351256e-07,1.0883950518653884,0.02802392428241845,0.006262151398379151,21.379731377956695,0.03263720020334175,0.0,0.00020233177957872063,3.092057018085939e-05,9.003470934783505e-05,2.897548291046489,0.0005597215453972963,0.014886118151561701,0.0,2.0758661887694143e-06,0.0,6525.746009687577
MPI,0.002544994261701714,0.1304577373080613,0.0,0.0007234143316206721,8.960573476702512e-08,0.1020206831959084,0.002265985346740352,0.0005039116802325923,1.6234674980725203,0.002605211051668226,0.0,1.591778931322869e-05,2.338709677419354e-06,8.127446133564043e-06,0.2716032286903143,4.175338853870555e-05,0.0009790497525174943,0.0,1.7921146953405023e-07,0.0,5991.648949188545
STK,1.256638402752029,43.61950838030645,0.0,0.1777396801119409,5.6451612903225795e-06,35.316990513908756,0.7449271754109503,0.15979845142456936,16.119507261581063,0.9057014049119834,1.0681003584229391e-05,0.004896537076763716,0.001604120112882627,0.005109634124629952,96.99834432605894,0.010342254937879245,0.5114243616658133,0.0,4.900238948626045e-05,8.333333333333333e-07,3343.313133513412
UTK,0.005765688456015209,0.2678449660557586,0.0,0.0015046322780749922,1.7921146953405023e-07,0.2112762453063663,0.004861132673870438,0.0010743919463719242,11.050152284107563,0.005615227096833047,0.0,3.558363643319149e-05,4.7700119474313036e-06,1.6740205166234088e-05,0.5635452467615398,8.452292670868866e-05,0.00203351233145588,0.0,2.688172043010752e-07,0.0,8350.561949188304
WMG,0.10348208700437286,3.514153904757491,0.0,0.01605928575842647,3.5842293906810047e-07,2.9094283566470094,0.06410139281005939,0.013872977330779055,0.02978301447522527,0.07786528379563418,1.7921146953405023e-07,0.0004060923954305489,0.00015562415029044614,0.0004128711649039792,7.75820549122776,0.0010280303217566843,0.0424325823519372,0.0022453993855606758,3.446833930704898e-06,0.0,3836.062011388898
WPT,0.07444509620477781,2.5107167530795538,0.0,0.012450842786811921,2.6881720430107534e-07,2.102111655381347,0.048337381467356444,0.010468205361924773,0.023715525473630313,0.05830175651517559,0.0,0.00028982277486448786,0.00011712252296790674,0.00029359927403169904,5.50024719408249,0.0008421290116590451,0.030579904207202593,0.0017413974227683902,2.71505376344086e-06,0.0,3808.135706710537
ORO,0.026679934303841423,0.9144310485415894,0.0,0.003851181442049073,1.7921146953405023e-07,0.7492287924266233,0.01583583195025631,0.003418835324081431,0.006922959865753247,0.019353852171136655,0.0,0.00010016438017550365,3.679592551394554e-05,0.00010745125389174332,2.033048209650935,0.00023098370617558606,0.010953364481993511,0.0005381775900324289,9.08004778972521e-07,0.0,3862.2239471181347
RFN,0.04971459430231122,1.366609806611991,0.0,0.008277829437175933,2.6881720430107534e-07,1.2252973045741595,0.03132961231909647,0.006776548443008397,0.16671419806545779,0.03811564977399933,8.960573476702512e-08,0.00022576526093072262,7.076010381905822e-05,0.0001931408943505718,3.6516442233654676,0.000494438904779561,0.015474882872503839,0.07470295718052392,1.0902031063321383e-06,0.0,3802.281721269758
CUL,0.8329460002810295,29.128968563461168,0.0,0.11774517633496362,4.211469534050179e-06,23.53606594915132,0.4906674700946379,0.1055314434100794,0.003000667187527588,0.5995972237818623,7.234169653524492e-06,0.003303309313405254,0.0010856287850698307,0.0034308073932823656,64.95455481440284,0.006744367131910234,0.32375505867042165,0.0,3.0442054958183984e-05,5.555555555555556e-07,3897.8514760797107
ATU,0.02085126210928074,0.476104065348918,0.0,0.003824898770532808,8.960573476702512e-08,0.4578863366335905,0.013645855881902877,0.0028920015478691784,0.14139851277286347,0.016432637888365086,0.0,0.00010197116431543576,2.92748115189717e-05,8.053611155251868e-05,1.5281424239381205,0.000216513924937173,0.005378943932411675,0.06693613134964778,1.8219832735961765e-07,0.0,3742.1041960651114
ADD,0.5080289419313639,18.13373549728976,0.0,0.06665644347629053,1.702508960573477e-06,14.533024094136048,0.2929159487319833,0.06315876310980453,0.6724577823242757,0.35737803626604514,3.990442054958184e-06,0.0019239071925890613,0.0007374008157211717,0.0021115089591021183,39.15052729805604,0.004306917879066099,0.22494214947089947,0.0,2.0385304659498207e-05,4.6296296296296286e-07,3785.827696140404
ASY,0.12281835793444805,4.315562778439889,0.0,0.01811995204106856,3.584229390681003e-07,3.502435301775635,0.07417015881844026,0.01628303721507142,0.011404617262861147,0.09097405783763265,6.362007168458781e-07,0.0005055052277368741,0.00019413690108350843,0.00049678617040686,9.408330489292924,0.0011917121095750128,0.05281916752005461,0.0,4.540023894862604e-06,9.259259259259256e-08,3849.1943487603885
ISL,5.352307729855629,189.26141518496448,0.0,0.7520217031563583,2.3566308243727598e-05,152.30810134192313,3.1562947885069237,0.6854903231029774,1.9009763965767372,3.868222831923772,4.919120157023382e-05,0.02136134081224876,0.007787693836773371,0.021962115453090146,416.6395916043767,0.04684481413063309,2.244641999914661,0.0,0.00020849163679808843,4.62962962962963e-06,3861.150940560419
KAI,0.14108155552759974,5.41543914082961,0.0,0.019213278488443952,3.584229390681003e-07,4.25262767434863,0.0819732498263797,0.01767025319137666,0.1153991222610661,0.10061764634131987,6.391875746714458e-07,0.0005247350083278893,0.00020760567296996665,0.0005778975905032635,11.378735947988947,0.0012351351516382105,0.06595169034818228,0.0,6.17084826762246e-06,1.8518518518518513e-07,3795.5631543897457
SBK,0.3735573701011118,14.24703008851693,0.0,0.04968363569015544,1.5232974910394264e-06,11.178335456312421,0.21364278553183724,0.04622392332603539,0.27782766490986466,0.2630249222975558,3.1720430107526877e-06,0.0014734596568203354,0.0005337203889094878,0.001548136355209492,30.461575295956415,0.002956132232462878,0.15842578725038403,0.0,1.503584229390681e-05,3.7037037037037036e-07,3829.2721195712224
SPN,0.3189768516973591,12.150331972863734,0.0,0.04448519758138085,1.971326164874551e-06,9.573992216469211,0.1856838133640553,0.04060850681386137,0.3730459944985904,0.22973002365208847,2.71505376344086e-06,0.0013599351425157878,0.0004694931611255304,0.001318692609660352,26.414890728138555,0.002621815112029239,0.12874898574842125,0.0,1.1780167264038231e-05,2.7777777777777776e-07,3830.8952669212545
WPR,1.2251528894465338,43.22170322222369,0.0,0.17204584066805564,5.376344086021507e-06,34.80460202513375,0.7204456317645709,0.15580290333615837,0.03606532590591545,0.8822259456347734,1.0313620071684588e-05,0.004861320279440413,0.0016936146129444235,0.005034349637457258,95.35290048555568,0.010257588288868878,0.49576713816350915,0.0,4.5955794504181605e-05,9.259259259259258e-07,3882.2078065996475
MLT,0.3562035509031199,12.70991866685353,0.0,0.047763111143481,1.2544802867383509e-06,10.165305259341656,0.20727864829969805,0.04488661434515717,0.4704461225729941,0.2531682090182507,2.359617682198328e-06,0.0013600311780873515,0.0005196658839039262,0.0014680363248995064,27.388056905262168,0.0031104243250878404,0.1573198483102919,0.0,1.514336917562724e-05,3.7037037037037036e-07,3783.4779513075164
MLN,0.05205122255180654,1.8358432850433462,0.0,0.007047530802890927,1.7921146953405023e-07,1.469230676361448,0.0302307357601921,0.0065459756284172305,0.06518224599937614,0.03694777441572353,0.0,0.0002104748073991678,6.620020187039096e-05,0.00020831313158065106,4.021358328220362,0.0004361723931940839,0.02125104540023895,0.0,2.1804062126642763e-06,0.0,3812.036179906584
ABY,0.03877368762911172,1.4461789619050565,0.0,0.006045576132504665,2.688172043010752e-07,8.008508443479235,0.023290030964740364,0.004942715392175904,0.0001248384448328831,0.02820171618523816,0.0,0.00017609665501350705,4.738495447616694e-05,0.0001475478780067212,3.623887438431002,0.000352243564277769,0.0,0.0,0.0,0.0,4568.180033331444
ASB,3.1316860917553893,92.95816279686868,0.0,0.4406346152029592,1.603942652329749e-05,23.40376720108616,1.8406012515375691,0.40006932744201373,0.012251061533685279,2.258320590772522,2.7530508619218298e-05,0.013138970534573984,0.004496132019115889,0.012451932600008236,249.2723148235694,0.026524130257899726,20.532144739716674,0.0,2.212664277180406e-05,9.259259259259256e-07,4615.829429366906
BRY,1.6477378593057541,47.474848344346455,0.0,0.22962509773499068,7.616487455197132e-06,8.566539425861187,0.9718901057612517,0.21071484692721482,0.006414452970967154,1.1844700411024007,1.2240143369175626e-05,0.0064046848938561956,0.002424194578338071,0.006653798981525622,127.69484675956825,0.014774064561741148,1.3854134348864993,0.0,5.074671445639187e-06,3.7037037037037036e-07,5196.132196526816
OPI,3.606313101844495,102.22074511518531,0.0,0.5152103273110629,1.9892473118279565e-05,10.277478098092532,2.1366500639525987,0.46271285832730075,0.013925783925113736,2.6128933769664706,3.15352449223417e-05,0.014982911965676148,0.005151135829934495,0.014334221283495475,285.38220660442084,0.03163564904567685,1.176394145331968,0.0,0.0,5.555555555555556e-07,5515.427712790838
TIM,1.2361600734355045,33.966342587906325,0.0,0.18739536232203918,7.437275985663083e-06,22.318577283695582,0.7500172086268694,0.1615457939156382,0.004697682110045847,0.9165841428306584,1.1774193548387096e-05,0.005161455563500892,0.0018023167717216662,0.004953723029998059,95.75771848985644,0.011954250879872404,0.0,0.0,0.0,9.259259259259256e-08,4486.74354945164
TKA,0.0030859630041610024,0.07381157107985946,0.0,0.001059408418230721,0.0,26.90731282366945,0.0026603586730700184,0.0005442100349594787,2.776850821900878e-06,0.003553182725073715,0.0,6.524430437111195e-06,7.849462365591396e-06,1.3870982455520831e-05,0.261263944771086,0.00011551971326164871,0.0,0.0,0.0,0.0,9748.600943482217
TMK,0.35202796505229206,10.20331185622914,0.0,0.05811181596541719,3.225806451612904e-06,8.145004887764768,0.21834110130450649,0.04655566950491727,0.001277680006003143,0.26531233868760706,3.6200716845878134e-06,0.0016669813681868739,0.00048639887941333987,0.0013841938720859748,28.458229459099176,0.003386672390251367,0.0,0.0,0.0,0.0,4299.695575858191
APS,0.007646632494364696,0.11732215656284758,0.0,0.002268533040827257,8.960573476702512e-08,0.15926616921505962,0.006554703572752795,0.001408563593587231,5.754755000088282,0.0074623056923919,0.0,3.722461317984122e-05,1.1615890083632021e-05,2.383924525192601e-05,0.49881893716416237,0.0001707433156181766,0.003041540791944018,0.0002976928656767366,9.259259259259256e-08,0.0,7764.7795023284125
CLH,0.008120630543343277,0.12586499408513868,0.0,0.0024101628205354573,8.960573476702512e-08,0.17070198489944735,0.006958508778125019,0.0014938540912595416,6.029278762131351,0.007922525829699077,0.0,4.020590927014733e-05,1.2341902525439787e-05,2.4932641206278582e-05,0.5343105014537023,0.00018276068059160382,0.0032828793309438464,8.992234169653527e-05,9.259259259259256e-08,0.0,7725.688630957939
COL,0.02194031408354962,0.6025768248009252,0.0,0.005378384036348441,1.7921146953405023e-07,0.5587674972853435,0.016374527252502786,0.003580728918374915,50.5880257933271,0.019407487383100566,8.960573476702512e-08,0.0001066494297014319,2.8190376138095818e-05,7.341696535244923e-05,1.7288958890463242,0.0003812610719729741,0.006717168458781362,0.0003100561102577231,1.8518518518518518e-07,0.0,8936.27518620672
DOB,0.09745476939397688,2.1626321738218834,0.0,0.017491058053922346,5.376344086021506e-07,2.1084940533058485,0.06301296605281588,0.01332595232209804,1.9109444774396596,0.07593294861721725,3.5842293906810047e-07,0.00047836319455479636,0.00012939098998887653,0.0003731212590709254,7.073513357537181,0.0009761760200928721,0.02456020225294419,1.1001106180367957,8.154121863799284e-07,0.0,2984.056297875718
GYM,0.009183123142409846,0.18026910795210438,0.0,0.0019814488982467294,8.960573476702512e-08,0.18836518619306572,0.006549686240149254,0.0014226895036224848,1.7548880222292849,0.007861534259112124,0.0,3.9350512915585216e-05,1.4387900135953528e-05,3.0160642924825346e-05,0.6458192747747349,0.00013826947637292464,0.0025365495391705076,0.9525975963666272,9.259259259259256e-08,0.0,3177.4524638814137
HKK,0.008316771169906598,0.1294227843106097,0.0,0.002483071490368487,8.960573476702512e-08,0.1572372488611685,0.0071627468056806205,0.0015100987355144754,3.13668065819017,0.008186108094826115,0.0,4.6869589078988397e-05,1.611111111111111e-05,3.2825611643742895e-05,0.5423547800171856,0.00016345218967577145,0.002231711256187062,0.3704001472829893,0.0,0.0,5409.007258689528
HOR,0.09082021495812514,2.629782870451295,0.0,0.018706297620518977,1.523297491039426e-06,2.1432283576254627,0.06332288516488044,0.013903826510643808,14.784580533816234,0.07742859717734579,1.3530465949820793e-06,0.00053618831329343,0.00014213313146294238,0.00036368709206584623,7.5962018414052075,0.0011622119079988935,0.01655571471240826,9.064217443249697e-05,6.421744324970133e-07,0.0,3823.3548933530888
KBT,0.09305120626386756,2.8425865903399425,0.0,0.0188487467850816,1.6129032258064518e-06,2.3896327652270895,0.0651460613276951,0.014294359753047185,3.0649858575666085,0.07909185870838263,1.0752688172043013e-06,0.0005445401416035454,0.0001524879495736003,0.000365708282571464,7.727671141082683,0.001219870108468551,0.023465455709165386,4.5023894862604535e-05,1.0991636798088414e-06,0.0,3112.937351661409
KBY,0.00038327658303464763,0.15994557048984473,0.0,4.117980884109916e-05,0.0,0.12441237753882915,0.00024086320191158905,3.420549581839904e-05,0.3233722281959379,0.0002252986857825568,0.0,1.8219832735961768e-06,0.0,0.0,0.18672523596176818,2.2446236559139785e-05,0.00023543309438470728,0.0,1.7921146953405023e-07,0.0,2851.262802138238
KUM,0.0004907936360800654,0.01093747498690491,0.0,0.00012880881020063445,0.0,0.013697402419501976,0.00041842957489509214,8.24824687630583e-05,0.939685350367251,0.0004675510267139855,0.0,2.2461170848267623e-06,6.302270011947432e-07,1.454805751246241e-06,0.046674875140514736,8.593395954352573e-06,0.00027522081413210435,1.7158915476999723,0.0,0.0,5143.302989464642
OTI,0.014895845575036343,0.22204270022982625,0.0,0.004422181862857615,1.7921146953405023e-07,0.300124802889454,0.012802645046524357,0.0027617491363125402,10.278125277829272,0.014639253646026449,8.960573476702512e-08,7.303471376191062e-05,2.2497219132369305e-05,4.699425728763882e-05,0.9570308975213494,0.000331955979895357,0.005642035970302099,1.0252310357849108,1.8518518518518518e-07,0.0,6537.278265429354
AVI,2.13720781389963,12.188597833034647,0.0,0.340097695904032,9.139784946236558e-06,5.692707880338825,1.2773418060484605,0.2842657040965564,0.008742215983662035,1.5985497053089561,1.908004778972521e-05,0.009703042556102898,0.0034211121410620856,0.009275180042787108,232.10840824575075,0.019016690833730594,0.0,0.0,3.3333333333333333e-06,0.0,8270.380357825297
BEN,12.091354577330192,73.13905705219202,0.0,1.9351098125268522,5.376344086021506e-05,32.813847006837406,7.36817176744737,1.647461807814091,0.050661014921046896,9.165502322223105,0.00010865719406041987,0.053743835382935784,0.019108577990830492,0.049691707084885614,787.2947747252532,0.11924576927773953,0.0,0.0,7.222222222222222e-06,0.0,7310.891532192907
CML,1.2807848020507797,134.95983307458025,0.0,0.2507887384792627,5.734767025089605e-06,3.669768559584136,0.8328416335978835,0.19280287253326744,0.005834742350406977,1.0595977971849968,1.1989247311827957e-05,0.0068038726303770785,0.0024529499855806863,0.005755973311027538,73.38632967872152,0.014660687977823682,0.0,0.0,0.0,7.407407407407406e-07,5077.469450854906
FKN,0.25113283857431246,27.27523006287115,0.0,0.04038730941492899,1.0752688172043013e-06,0.6674363690623326,0.15060972247970997,0.03314705989459187,0.0010235543608124252,0.1858335105363985,1.3620071684587814e-06,0.0009315611996868951,0.0004577659333415728,0.0011185396251566996,10.741393813798107,0.002437339636633296,0.0,0.0,0.0,0.0,5552.969608722281
GNY,0.12440723636197777,0.9233062966199953,0.0,0.018021867565961004,7.168458781362009e-07,0.3274659983167658,0.07290877019439589,0.015760752953016578,0.00047766869125601054,0.08949265041698302,1.179808841099164e-06,0.0005356733304494706,0.00017915688213241052,0.0005204798541589422,15.539056944709285,0.001003217794904391,0.0,0.0,6.481481481481481e-07,0.0,8278.760525702115
LIV,1.6653883317957636,53.22003068524846,0.0,0.2741824397920087,6.720430107526879e-06,17.772959311669045,1.012587263751317,0.2274282271159607,0.006980927044158411,1.27038285303041,1.5905017921146955e-05,0.007633462945306659,0.0027140999258435288,0.0071014592271836435,109.39991945918008,0.01611212051456351,0.21110682155657964,0.0,0.000334557945041816,1.759259259259259e-06,4413.930271252784
NSY,0.6034369116920035,72.38831133043917,0.0,0.12346073873233634,2.508960573476702e-06,1.6561807250192748,0.3934487174682628,0.09215792326570971,0.0027808537925737595,0.5074944980313222,5.949820788530466e-06,0.003387778138260619,0.0011531126148395336,0.002688451512850846,33.61338507002931,0.007097755015861247,0.0,0.0,13.701615360423986,2.7777777777777775e-06,4330.034963201961
OAM,0.2643335490344946,1.943485048069283,0.0,0.03689938936413769,1.5232974910394266e-06,0.6933578279069632,0.15268106647009322,0.032877741420508394,0.0009979840475307662,0.18728569123688285,2.078853046594982e-06,0.0011159744366168172,0.00036579924195608287,0.001121484652259124,33.16797285273614,0.0019931138139967393,0.0,0.0,1.388888888888889e-06,0.0,8297.557776283113
OHA,0.4730284381382018,14.37205609141698,0.0,0.06901286584594286,2.5089605734767017e-06,1.3349856330593668,0.27534314581604485,0.05893989740952617,0.0017474057300586776,0.3402839028962222,5.062724014336917e-06,0.0021641586330490674,0.0007242040538870349,0.0020392288977758946,239.3498715011609,0.0034722913392893928,0.0,0.0,0.0,9.259259259259256e-08,8753.953230564806
OHB,2.317325178652353,20.563307500294272,0.0,0.3569014731683058,1.0842293906810036e-05,6.368156904916396,1.3934725934165533,0.30548718203942066,0.009234713305789502,1.7249869774028759,2.2700119474313014e-05,0.010328088418348428,0.003613371647509578,0.009689630924425138,223.17107283413816,0.020799859352837666,0.0,0.0,9.259259259259256e-08,0.0,7656.777105811391
OHC,2.0243952621372365,17.437377707564544,0.0,0.3162178149884351,9.318996415770609e-06,5.556430324059361,1.2247210070419219,0.26972103361465716,0.008127917615692922,1.5174658247038155,1.8085424133811223e-05,0.008934746440783703,0.00317666089894121,0.008436591627381395,212.2257950095197,0.01874889823201558,0.0,0.0,9.259259259259256e-08,0.0,7838.434889817835
STU,0.07656526805945466,0.5759083666375338,0.0,0.011362113157770831,3.584229390681003e-07,0.20235589149613625,0.04504414055005267,0.009645149114830706,0.0002807648857342962,0.055098427058871996,0.0,0.0003283033470463948,0.0001104568862522144,0.0003085179520454827,9.986452482711536,0.0006473586098016021,0.0,0.0,4.62962962962963e-07,0.0,8328.060420854432
TKB,1.136063506262102,32.88811109079901,0.0,0.15772300477161577,3.3154121863799277e-06,142.0264551184223,0.6653327088740575,0.1442831336184826,0.0045063668332244525,0.8167919241911943,1.0244922341696538e-05,0.004554163282542036,0.0016790849915544021,0.004657550776583035,83.80706406214135,0.00967538242079677,0.24464919568185695,0.0,2.293309438470729e-05,5.555555555555556e-07,4122.482420706761
TWZ,5.475156397974527,124.98256721940454,0.0,0.8530363791264249,2.571684587813621e-05,29.899954377688907,3.318844670165557,0.7315304101926889,0.022198968202470706,4.111768285543608,5.473779655231266e-05,0.024269284750545878,0.008537380341767162,0.02269237090300216,381.45584739036167,0.05130081714103266,0.0,0.0,0.0,7.407407407407407e-07,5339.482328260486
WTK,2.333368057858232,21.22263134989789,0.0,0.37588984498502154,1.1738351254480287e-05,6.219130394824349,1.4048093060337472,0.31294441325164346,0.009621384312963844,1.7556051102856791,2.2410394265232973e-05,0.010674732006756478,0.0037299458245787505,0.009961080550994345,223.4158613351696,0.021454915742653513,0.0,0.0,2.9913381123058544e-05,0.0,7627.204340357564
BPT,0.005957362685464743,0.03602117406318602,0.0,0.0008109249327589149,8.960573476702512e-08,0.015321423017050105,0.0035061748356492533,0.0007344634028991646,2.5503234046059405e-05,0.004374208136906969,0.0,3.65549390563295e-05,1.0047995715403947e-05,2.7361876217549192e-05,0.8053652625565736,2.647252090800479e-05,0.0,0.0,0.0,0.0,8546.866644037453
BPC,0.11565138154680979,0.8333087896531124,0.0,0.015874011681115404,8.064516129032259e-07,0.30216271933541683,0.06631467170312692,0.014157638852104927,0.0004405459622979089,0.08135161232939597,9.050179211469536e-07,0.0005072474045235446,0.00016136952581057143,0.0004919850318696259,14.929974871366483,0.0008162149522397019,0.0,0.0,5.555555555555556e-07,0.0,8357.250152399627
BPD,0.13317015286679498,0.9847175959325764,0.0,0.01923670376697212,8.064516129032259e-07,0.3501865704398185,0.07800573125783497,0.01681784696105608,0.0005139161899465013,0.09571885847590796,1.2694145758661891e-06,0.0005785598710501381,0.00019130484488938325,0.0005580877856642596,16.742717345705987,0.0010488891390198398,0.0,0.0,7.407407407407407e-07,0.0,8291.826351495081
BAL,0.0075757156467209305,13.70841556772369,0.0,0.001505077216895904,2.6881720430107534e-07,0.02286139901183561,0.004806969133840658,0.0010619256404823703,12.385840821658103,0.005832959475843235,0.0,3.335434433320974e-05,6.371379722325218e-06,2.2055679149672476e-05,1.0521058823369294,0.00010164699460305689,0.0,0.0,4.722222222222223e-06,0.0007518518518518516,4631.621078328304
BDE,0.06490931687765948,7.89304138638758,0.0,0.014217920190570355,4.480286738351256e-07,0.18024071782433154,0.04398387454314318,0.010313390672175432,0.0004952462318507925,0.056430195808393806,3.5842293906810047e-07,0.0003767574274178835,0.00012624541671816422,0.000298965612879684,9.559033237481684,0.0007789540847855643,0.0,0.0,2.2968936678614098e-05,1.702508960573477e-06,4838.372427522568
BWK,0.005107714818346075,9.84473546194037,0.0,0.000978979642283313,1.7921146953405023e-07,0.015235135526834637,0.0032041059142727665,0.0006998392687936625,25.66325228161362,0.0038887755942817125,0.0,2.2093066370040787e-05,4.277386396407532e-06,1.4472253120751452e-05,0.7193096623011459,6.476486219255964e-05,0.0,0.0,3.5334528076463557e-06,0.0030800925925925926,5750.401498063075
CYD,1.0820479604690105,454.85786790026106,0.0,0.22589690129685536,5.017921146953405e-06,3.006188173315736,0.7030896343747608,0.164523769554355,0.0049167790343179665,0.9116019911674348,1.0725806451612905e-05,0.006342941157429477,0.0021474872286079186,0.005009057970054911,39.96085481672758,0.012414252667573024,0.0,0.0,0.00014553763440860212,1.2037037037037037e-06,8308.794002708464
EDN,0.07518298714474048,8.917243993715827,0.0,0.016020647993655504,4.480286738351254e-07,0.20484109993614305,0.04970762215954236,0.01153212366327077,0.0004976435163114806,0.06388123260854212,4.480286738351256e-07,0.0004374548072226047,0.00012660208874057594,0.0003474132634143758,16.826625803214622,0.000799206628764471,0.0,0.0,2.5651135005973715e-05,1.6129032258064516e-06,5297.1125071863125
GOR,0.44983709334592825,49.191550448183165,0.0,0.09689380025425076,1.8817204301075274e-06,1.24329585104849,0.29920123700790413,0.07065916729199404,0.003809265887729458,0.38949529820023426,5.131421744324972e-06,0.0027484170315635837,0.0008877924030816133,0.0021084915264461984,64.3989131181251,0.005240512812590121,0.0,0.0,0.0001466636798088411,4.2168458781362015e-05,4868.85468250248
HWB,0.18480907867942625,100.52347182279253,0.0,0.036420833325976544,1.6129032258064518e-06,0.5233770615645839,0.11600201373807464,0.026539748743459813,8.562139524692341,0.14516136425099022,9.050179211469534e-07,0.000888377643295608,0.00029076638652000174,0.000754797283577873,17.024481145401122,0.0022788091706834757,0.0,0.0,0.00010514336917562726,14.534528974006983,5320.281815576288
INV,0.9098147112091035,98.66362520034019,0.0,0.19728054733066136,3.0465949820788537e-06,2.5304540489064866,0.6056163415479281,0.14343141181265484,0.0046847518848102815,0.7874864788403928,1.0451015531660693e-05,0.005488258566249388,0.0018418789395624772,0.004214016654307256,315.9528675461492,0.010884979709965804,0.0,0.0,0.00029206989247311825,3.945639187574673e-06,6216.781447028961
MAN,3.5842293906810047e-07,1.5412186379928317e-05,0.0,0.0,0.0,1.8817204301075271e-06,6.272401433691754e-07,0.0,0.0,8.064516129032258e-07,0.0,0.0,0.0,0.0,528.6533606417624,0.0,0.0,0.0,0.0,0.0,9999.999277938185
NMA,0.4190645813175721,43.72576306715722,0.0,0.09263777588708207,1.5232974910394266e-06,1.169094237475796,0.2833815528938679,0.06721242387190943,0.0029413308290811074,0.3674447629420696,5.041816009557945e-06,0.0025811440327583265,0.0008710428253615127,0.0019386318646232438,385.65400804947166,0.0050827757178758285,0.0,0.0,0.00013350955794504186,8.870967741935484e-06,8079.7633952311535
PAL,0.003931095956118203,7.646942191640036,0.0,0.000754196947225312,8.960573476702512e-08,0.011716508289633987,0.0025205454546792148,0.000557502390957619,1.2985034786741294,0.003071932320450118,0.0,1.3241770691715074e-05,3.996415770609319e-06,1.0843117867589503e-05,0.532170884051062,5.604581221933836e-05,0.0,0.0,2.709080047789725e-06,0.003925462962962962,6691.641097815181
ROX,1.535032193633726,461.945349250078,0.0,0.33152123132846023,5.286738351254482e-06,4.282627896788613,1.0194391598322063,0.24099564736832813,1.7433306645537963,1.3219546062129588,1.7028076463560337e-05,0.009218471317336725,0.003068151649981461,0.006993274920399504,90.67411786263838,0.018589933877147444,0.0,0.0,0.0006072520908004779,0.006319758064516129,6989.088612892908
SDN,0.14108280227589737,44.591389553678106,0.0,0.02595186679349777,7.168458781362005e-07,0.3770398511132299,0.08788338164539083,0.020121161056376576,0.218623917131616,0.1116530456533126,9.050179211469535e-07,0.0006506025433903631,0.00026363232810118237,0.0007343995238683783,11.057752079493088,0.001503381020063445,0.0,0.0,8.430107526881721e-05,0.018860851254480285,6576.76242029486
TMH,0.5933492132057371,99.10265105405185,0.0,0.1257247278795958,2.5985663082437267e-06,1.6515359882453167,0.3900253950303394,0.09175691271459763,0.24932940731471182,0.5034942401389552,6.215651135005976e-06,0.0034327376979712914,0.0011567946895727765,0.0027099628776241693,31.39363766869861,0.007097163926997076,0.0,0.0,0.00022452807646356035,0.02098501792114696,6008.2299616275905
TWI,0.5229486847526057,49.970524567008596,0.0,0.11654270642424565,1.6129032258064518e-06,1.4669242889807017,0.3530505232886629,0.08423202283842718,0.0031437493599590378,0.46054608847426,6.2126642771804084e-06,0.003308543406548134,0.0010938633461047254,0.0023654068527052393,240.68623914916483,0.006493381123058542,0.0,0.0,0.00015370967741935482,5.645161290322581e-06,7006.624860574279
WRU,22.549542959556767,55.844860850813085,1.5232974910394262e-06,0.4781305546065293,2.741935483870968e-05,43.16873399310521,5.7376399628408405,1.0022939278578196,0.0489493986925508,15.06066790088635,0.0009808147721454175,0.07820386791467299,0.001202050838380093,0.0025786339392387773,0.9878305837173577,0.0002528405017921147,0.0,0.0,0.0,0.0,2737.5297230696515
HOB,21.898895941228055,58.23239800433023,1.4336917562724012e-06,0.4375217372035948,2.7956989247311828e-05,40.3079373152783,6.017839808083352,1.0501133185682503,0.05117963269005538,15.813814798968284,0.001018696663253115,0.08182743661387433,0.0011038937296584679,0.0023878499405571157,0.9973058602150539,0.00025647849462365587,0.0,0.0,0.0,0.0,2755.000320174402
